id,email,ip_address,currency,stock_name,price
1,ploftin0@youtu.be,154.20.236.5,Taka,City Holding Company,31.38
2,aeddison1@symantec.com,21.62.18.251,Franc,"Tesla ",28.72
3,sbroggio2@webmd.com,84.39.58.184,Euro,"NL Industries",30.58
4,ahazelgreave3@feedburner.com,245.101.3.50,Ruble,"Hostess Brands",71.75
5,cruckhard4@noaa.gov,121.241.144.168,Euro,"Ra Pharmaceuticals",33.52
6,csemble5@dmoz.org,59.109.141.46,Zloty,"OpGen",94.00
7,kdoole6@amazon.co.jp,107.101.80.127,Dram,Rosehill Resources Inc.,53.10
8,dcathenod7@t-online.de,234.87.39.38,Rupiah,Citizens First Corporation,76.83
9,gcarlens8@123-reg.co.uk,80.45.249.89,Rupiah,VictoryShares International Volatility Wtd ETF,32.23
10,qmutimer9@netlog.com,167.154.95.55,Yuan Renminbi,"Gevo",95.84
11,elackemanna@clickbank.net,183.190.55.221,Rupiah,iShares iBoxx  High Yield ex Oil & Gas Corporate Bond ETF,3.53
12,gapperleyb@cdc.gov,74.43.190.126,Zloty,PICO Holdings Inc.,82.20
13,bgoolyc@alexa.com,65.185.226.233,Euro,MSG Networks Inc.,76.27
14,snaveind@salon.com,199.8.180.253,Zloty,"Extraction Oil & Gas",18.85
15,njagielloe@netscape.com,241.177.38.1,Real,"Prudential Short Duration High Yield Fund",91.99
16,cbedburyf@purevolume.com,242.131.175.106,Yuan Renminbi,Lehman ABS Corporation,98.54
17,msouthbyg@house.gov,11.40.186.77,Peso,CPS Technologies Corp.,9.06
18,amealhamh@slate.com,105.221.134.225,Rupiah,Clearwater Paper Corporation,82.66
19,cmillikeni@mac.com,154.160.241.115,Sol,Select Income REIT,56.11
20,kvernaj@a8.net,213.164.189.62,Yuan Renminbi,"Sykes Enterprises Incorporated",69.17
21,jkaremank@pagesperso-orange.fr,118.249.131.115,Dollar,Davis Select U.S. Equity ETF,57.97
22,ngarnhaml@woothemes.com,200.31.34.142,Hryvnia,"Stage Stores",14.28
23,menrdigom@sitemeter.com,86.147.140.141,Naira,Kimco Realty Corporation,51.26
24,nantonettin@who.int,160.232.136.105,Yen,Center Coast MLP & Infrastructure Fund,33.00
25,afroscho@cornell.edu,52.118.219.40,Krona,First Trust Large Cap Growth AlphaDEX Fund,64.67
26,amuinop@yellowbook.com,227.177.25.184,Yuan Renminbi,NASDAQ TEST STOCK,24.87
27,dgosdenq@sakura.ne.jp,234.14.37.249,Real,DDR Corp.,73.70
28,kgillowr@sakura.ne.jp,156.92.57.234,Koruna,Ellington Residential Mortgage REIT,0.93
29,ecastigliones@constantcontact.com,128.217.234.160,Euro,MakeMyTrip Limited,13.82
30,bbanhamt@1und1.de,234.174.18.152,Sol,SpartanNash Company,49.62
31,bcussinsu@ucla.edu,23.3.54.141,Real,Herbalife LTD.,14.66
32,jhugganv@blogger.com,115.9.163.220,Ruble,Howard Hughes Corporation (The),81.28
33,mleglisew@oaic.gov.au,112.128.126.124,Ruble,Nuveen Multi-Market Income Fund,69.21
34,emasox@stanford.edu,142.119.155.102,Pound,"The Meet Group",22.69
35,mjoirisy@utexas.edu,188.79.228.88,Krona,"Kingstone Companies Inc",11.54
36,jautenz@samsung.com,8.198.170.59,Rupiah,"Mexico Fund (The)",1.31
37,mswin10@hud.gov,182.176.12.112,Franc,"Maxwell Technologies",2.96
38,twhitlam11@huffingtonpost.com,128.18.92.145,Real,PowerShares 1-30 Laddered Treasury Portfolio,70.07
39,mwannell12@goo.gl,140.170.183.80,Rand,Liberty Media Corporation,64.43
40,mshuard13@nature.com,213.113.194.253,Yuan Renminbi,EXFO Inc,42.49
41,lapthorpe14@dedecms.com,24.235.70.124,Yuan Renminbi,Heico Corporation,9.76
42,kbyres15@a8.net,9.211.121.177,Yuan Renminbi,Gabelli Dividend,2.15
43,jrown16@guardian.co.uk,41.22.88.42,Rupiah,Dolby Laboratories,31.59
44,gmartindale17@domainmarket.com,106.16.134.26,Yuan Renminbi,NVE Corporation,62.42
45,fmcglone18@discovery.com,208.115.48.182,Denar,"BLACKROCK INTERNATIONAL",87.88
46,odisdel19@nyu.edu,73.55.135.124,Euro,"Delta Natural Gas Company",92.77
47,fkhomin1a@wp.com,53.197.113.10,Yuan Renminbi,"ScanSource",98.23
48,mfurnell1b@mapy.cz,210.49.76.219,Rupiah,"Sunworks",67.89
49,nsaltman1c@state.tx.us,169.229.230.140,Euro,"Interpublic Group of Companies (The)",64.25
50,lales1d@virginia.edu,78.83.223.83,Ruble,Diageo plc,82.12
51,nderham1e@behance.net,178.252.142.131,Tugrik,"General American Investors",24.98
52,ccreus1f@typepad.com,80.195.100.17,Rial,Eli Lilly and Company,32.61
53,tfeatonby1g@weebly.com,172.126.78.35,Peso,"Blackrock MuniAssets Fund",60.58
54,vbowcock1h@github.com,187.58.168.198,Yuan Renminbi,"Turkish Investment Fund (The)",48.15
55,igillibrand1i@lycos.com,245.101.96.213,Rupiah,Teradata Corporation,64.37
56,bsirmon1j@cnn.com,204.81.218.231,Rupiah,Entravision Communications Corporation,77.24
57,rreaper1k@zimbio.com,250.72.154.81,Ruble,Nuveen Diversified Dividend and Income Fund,46.80
58,boddey1l@exblog.jp,54.2.213.194,Euro,Atomera Incorporated,95.92
59,nmcconnulty1m@marriott.com,107.72.123.144,Zloty,Anixter International Inc.,20.00
60,pokane1n@ow.ly,135.205.116.226,Rupiah,The Gabelli Healthcare & Wellness Trust,17.77
61,edallosso1o@tuttocitta.it,130.63.145.8,Yuan Renminbi,BullMark LatAm Select Leaders ETF,24.43
62,dpeggram1p@barnesandnoble.com,69.191.196.26,Tenge,BlackRock New Jersey Municipal Income Trust,83.93
63,jparman1q@amazon.co.jp,80.203.121.135,Shekel,"Prudential Financial",72.10
64,rshepperd1r@businessinsider.com,100.99.27.10,Yuan Renminbi,"InterDigital",55.42
65,rcartmale1s@linkedin.com,66.166.199.111,Ruble,"Blackrock MuniHoldings New York Quality Fund",75.42
66,stilbrook1t@reverbnation.com,13.237.140.53,Krona,"Aevi Genomic Medicine",87.86
67,mbarnhart1u@kickstarter.com,125.193.202.145,Yen,Ames National Corporation,19.15
68,ngianasi1v@yandex.ru,41.22.159.47,Dollar,CM Finance Inc,80.27
69,cmaccorley1w@jigsy.com,101.105.131.107,Dollar,"Athenex",2.26
70,efarfull1x@elegantthemes.com,22.216.169.16,Ruble,Pangaea Logistics Solutions Ltd.,84.70
71,ksaye1y@prlog.org,117.82.135.248,Yuan Renminbi,NovoCure Limited,89.19
72,kbarehead1z@businessinsider.com,115.77.148.30,Koruna,"Highwoods Properties",1.03
73,rbernier20@technorati.com,142.78.207.104,Koruna,"Daktronics",85.49
74,rmcclancy21@spotify.com,33.232.1.161,Yuan Renminbi,"Photronics",74.13
75,ipee22@timesonline.co.uk,98.54.232.140,Yuan Renminbi,Splunk Inc.,8.83
76,pnelsen23@nba.com,29.26.76.171,Litas,ENDRA Life Sciences Inc.,96.52
77,sortiger24@princeton.edu,47.33.26.218,Lev,LyondellBasell Industries NV,62.99
78,dfebry25@psu.edu,185.85.51.162,Peso,Washington Prime Group Inc.,25.84
79,asambiedge26@gov.uk,201.155.188.77,Tenge,"Alliance Holdings GP L.P..",98.11
80,msymons27@multiply.com,217.252.40.130,Peso,"Validus Holdings",59.54
81,tnorley28@plala.or.jp,170.24.219.163,Ringgit,MSCI Inc,20.71
82,gdunderdale29@google.ru,113.72.168.28,Pound,Ciner Resources LP,87.28
83,sseifert2a@howstuffworks.com,2.118.136.81,Yuan Renminbi,Bank of America Corporation,20.29
84,mhantusch2b@issuu.com,97.187.242.54,Real,Nuveen Municipal High Income Opportunity Fund,64.21
85,jlorence2c@theguardian.com,78.126.51.211,Rupiah,Cenovus Energy Inc,62.90
86,kprue2d@digg.com,183.118.224.220,Euro,At Home Group Inc.,93.95
87,wpurvess2e@tinyurl.com,58.228.244.145,Zloty,Acadia Realty Trust,9.13
88,thebdon2f@uiuc.edu,179.43.150.204,Yuan Renminbi,"Heron Therapeutics  ",63.72
89,bharce2g@php.net,112.113.116.57,Ruble,"Community Trust Bancorp",9.93
90,xblackley2h@purevolume.com,105.25.23.144,Ruble,Morgan Stanley,2.73
91,cbernet2i@macromedia.com,143.97.2.240,Peso,Capitala Finance Corp.,83.60
92,afraczek2j@printfriendly.com,236.37.20.116,Euro,"Prosperity Bancshares",92.11
93,bpipes2k@ifeng.com,187.157.119.155,Yuan Renminbi,"Goldman Sachs Group (The)",99.69
94,kozanne2l@ifeng.com,99.198.230.61,Yuan Renminbi,American Vanguard Corporation,96.87
95,nbeane2m@hexun.com,252.218.76.247,Quetzal,Fabrinet,13.67
96,nmoorey2n@zdnet.com,169.171.153.191,Zloty,"Superior Industries International",39.83
97,bpigden2o@google.nl,129.53.205.253,Yuan Renminbi,United Technologies Corporation,89.26
98,vranstead2p@wordpress.org,252.176.74.226,Rupiah,First Trust High Income Long Short Fund,81.88
99,lmcluckie2q@uol.com.br,54.7.4.163,Lek,"CryoLife",93.78
100,rfrostdicke2r@1und1.de,254.246.252.133,Yen,IZEA Inc.,56.34
101,bzylbermann2s@ocn.ne.jp,168.61.175.99,Krone,"Blackrock MuniYield Quality Fund III",13.16
102,cbrantzen2t@weather.com,75.0.77.142,Rupiah,ManTech International Corporation,60.95
103,rcrimin2u@un.org,99.66.205.232,Rupiah,Nuveen S&P 500 Dynamic Overwrite Fund,77.53
104,imariyushkin2v@indiatimes.com,109.18.189.254,Peso,Nevro Corp.,94.85
105,smacnalley2w@usatoday.com,66.166.4.133,Peso,Citigroup Inc.,6.80
106,pharriagn2x@cnet.com,254.146.31.98,Dollar,Unilever PLC,99.09
107,mfilyushkin2y@xing.com,133.248.157.140,Yuan Renminbi,"Atlantic Capital Bancshares",80.86
108,bcrielly2z@github.com,56.135.160.97,Ariary,"Stock Yards Bancorp",21.49
109,asteptoe30@liveinternet.ru,6.221.47.90,Yuan Renminbi,Pacific Coast Oil Trust,64.12
110,zolin31@nytimes.com,112.205.52.22,Peso,"Affiliated Managers Group",79.95
111,lbraisby32@fastcompany.com,242.179.96.112,Rupiah,Nuveen Massachusetts Municipal Income Fund,32.27
112,tmarieton33@elegantthemes.com,252.132.24.32,Rupiah,Central Garden & Pet Company,96.68
113,jgreep34@biblegateway.com,203.172.122.235,Euro,"Anthera Pharmaceuticals",70.53
114,ryoules35@shinystat.com,177.20.114.34,Rupiah,Orange,71.39
115,lgarrity36@icq.com,240.16.4.249,Euro,"DineEquity Inc",68.07
116,npoulgreen37@csmonitor.com,110.128.116.201,Peso,"Terra Nitrogen Company L.P..",5.69
117,sbrockton38@storify.com,84.87.178.29,Yuan Renminbi,"WPX Energy",91.94
118,ccluney39@surveymonkey.com,82.221.132.219,Euro,EVINE Live Inc.,51.70
119,sgommes3a@amazon.co.uk,65.217.180.111,Zloty,CABCO Series 2004-101 Trust,97.40
120,atruwert3b@ca.gov,143.153.6.241,Yuan Renminbi,"Monster Digital",15.81
121,jlacheze3c@booking.com,237.56.92.254,Euro,Emerson Electric Company,94.90
122,otixall3d@smh.com.au,197.168.47.177,Ruble,Vident International Equity Fund,0.75
123,nfilisov3e@google.pl,52.17.221.21,Euro,Smart,46.66
124,htookey3f@smh.com.au,102.156.233.99,Dollar,Orange,0.79
125,bdugan3g@parallels.com,227.30.253.79,Yuan Renminbi,SecureWorks Corp.,61.97
126,kpetroff3h@alexa.com,180.227.83.36,Yen,"Coherent",8.64
127,nocahill3i@amazonaws.com,61.49.44.9,Euro,Royal Caribbean Cruises Ltd.,96.43
128,sschirok3j@noaa.gov,57.51.5.215,Krone,"National Grid Transco PLC",33.23
129,dmanna3k@youtube.com,86.100.141.96,Rupiah,"Banc of California",46.86
130,mgiovannelli3l@state.tx.us,115.85.40.85,Yuan Renminbi,"Profire Energy",63.07
131,gmclagan3m@jalbum.net,183.107.51.204,Euro,Forum Merger Corporation,8.32
132,oglaze3n@paypal.com,63.50.239.181,Peso,"Eastern Virginia Bankshares",53.36
133,mfraine3o@ucsd.edu,177.191.30.4,Real,BB&T Corporation,15.04
134,mstigger3p@nymag.com,0.71.25.63,Hryvnia,Turkcell Iletisim Hizmetleri AS,51.53
135,hsandford3q@vimeo.com,109.169.159.61,Real,Arrow Financial Corporation,72.96
136,lhelgass3r@last.fm,4.93.213.242,Taka,Iamgold Corporation,33.19
137,fleggitt3s@alibaba.com,121.194.177.24,Rupiah,Center Coast MLP & Infrastructure Fund,39.70
138,ahallagan3t@istockphoto.com,28.20.227.198,Dollar,"Meridian Waste Solutions Inc",48.86
139,pdanton3u@trellian.com,216.176.66.92,Zloty,"C.H. Robinson Worldwide",79.94
140,pgozard3v@constantcontact.com,185.79.3.63,Real,Intra-Cellular Therapies Inc.,61.61
141,dberanek3w@rediff.com,210.165.41.145,Hryvnia,"Ramaco Resources",30.17
142,blearoyd3x@bing.com,26.210.18.192,Tenge,Matlin & Partners Acquisition Corporation,99.74
143,gportman3y@liveinternet.ru,112.161.126.169,Ringgit,"Preferred Apartment Communities",90.89
144,bgeharke3z@wikimedia.org,189.165.6.176,Zloty,MFS Charter Income Trust,19.47
145,thugueville40@statcounter.com,118.15.62.34,Euro,"Mobile Mini",1.27
146,nucceli41@taobao.com,186.99.153.236,Dollar,Southern Company (The),25.10
147,wdorant42@spotify.com,20.95.68.38,Yuan Renminbi,Zix Corporation,42.28
148,rfillimore43@youtube.com,163.145.38.57,Yuan Renminbi,"UCP",26.70
149,gnorbury44@businessweek.com,115.10.208.1,Euro,"KVH Industries",45.51
150,frippon45@tiny.cc,138.3.123.93,Rupiah,Scorpio Tankers Inc.,20.34
151,lfeld46@pen.io,34.115.37.44,Somoni,AGNC Investment Corp.,13.19
152,lmcmeekan47@fastcompany.com,62.231.61.245,Rupiah,Genetic Technologies Ltd,52.51
153,jdorgan48@creativecommons.org,81.42.252.203,Shilling,VanEck Vectors Biotech ETF,42.33
154,emoult49@feedburner.com,240.113.193.50,Yuan Renminbi,Atlas Air Worldwide Holdings,44.23
155,llamasna4a@msu.edu,12.43.235.93,Rupiah,PowerShares KBW Property & Casualty Insurance Portfolio,43.60
156,avickar4b@usa.gov,121.189.186.40,Euro,Vornado Realty Trust,43.58
157,bwann4c@washington.edu,113.66.44.171,Zloty,TELUS Corporation,41.93
158,ckos4d@toplist.cz,13.188.233.42,Koruna,"Manhattan Bridge Capital Inc",14.78
159,nbernardino4e@weather.com,43.189.185.99,Yuan Renminbi,"21Vianet Group",53.51
160,bcasswell4f@utexas.edu,163.72.139.24,Lev,Coca-Cola Bottling Co. Consolidated,25.85
161,ctreneer4g@amazon.com,23.209.3.131,Koruna,"Extreme Networks",48.43
162,btunnadine4h@posterous.com,0.182.218.93,Marka,IRSA Inversiones Y Representaciones S.A.,75.91
163,stebb4i@ebay.com,101.22.132.248,Dollar,Medley Capital Corporation,75.25
164,vmangon4j@reference.com,34.13.166.106,Zloty,"ONEOK Partners L.P..",30.46
165,adowle4k@soundcloud.com,31.58.136.45,Euro,Aegon NV,23.62
166,rmckeney4l@phpbb.com,212.214.99.54,Yuan Renminbi,First Trust NASDAQ Clean Edge Smart Grid Infrastructure Index ,61.08
167,dcunde4m@e-recht24.de,19.7.228.133,Euro,"ASB Bancorp",14.18
168,sbezley4n@bing.com,130.197.185.85,Yen,"Nuance Communications",8.00
169,agooly4o@oracle.com,20.192.178.185,Yen,"Williams Companies (The)",53.28
170,gguly4p@google.co.uk,176.158.156.131,Shilling,"Soligenix",30.14
171,dmccolley4q@amazon.com,15.109.80.165,Peso,Turkcell Iletisim Hizmetleri AS,24.42
172,dhuguet4r@wp.com,194.136.129.61,Lev,"Pathfinder Bancorp",22.84
173,kboniface4s@webnode.com,86.223.175.205,Yuan Renminbi,Covanta Holding Corporation,24.74
174,pbinnes4t@umn.edu,80.76.156.26,Peso,Nuveen High Income November 2021 Target Term Fund,66.45
175,ecorlett4u@chicagotribune.com,43.57.71.58,Zloty,CVS Health Corporation,91.56
176,sbillborough4v@techcrunch.com,225.47.191.58,Rupiah,Royal Bank Of Canada,21.80
177,slownsbrough4w@sogou.com,4.230.115.128,Yuan Renminbi,"Alphatec Holdings",46.22
178,smilroy4x@wsj.com,183.42.208.58,Peso,Royal Bank Of Canada,61.27
179,cbeel4y@zimbio.com,106.52.78.6,Zloty,Retail Opportunity Investments Corp.,95.66
180,bjefferd4z@economist.com,137.135.162.45,Zloty,"Mellanox Technologies",30.07
181,gblaza50@examiner.com,13.242.169.76,Yuan Renminbi,VTTI Energy Partners LP,24.15
182,rscaice51@slashdot.org,215.158.104.146,Rupiah,"Power Integrations",88.18
183,rdovydenas52@paypal.com,195.226.203.87,Afghani,"Texas Capital Bancshares",0.83
184,rmaith53@fema.gov,140.9.22.122,Tenge,Vantage Energy Acquisition Corp.,81.19
185,ffreeth54@blog.com,216.251.129.150,Hryvnia,"Intersect ENT",22.71
186,dkhristoforov55@homestead.com,7.104.105.82,Yuan Renminbi,"Transcat",33.05
187,azemler56@feedburner.com,57.229.115.69,Pound,SpartanNash Company,23.59
188,shansberry57@cbsnews.com,191.148.137.40,Rupiah,Northern Trust Corporation,78.70
189,dchesworth58@booking.com,94.206.249.71,Euro,"Community First Bancshares",60.54
190,rhendrick59@gnu.org,19.6.91.200,Peso,Royal Dutch Shell PLC,38.57
191,egraffin5a@twitpic.com,113.158.172.251,Franc,"Axsome Therapeutics",2.00
192,sshulem5b@github.io,23.48.85.76,Euro,GP Investments Acquisition Corp.,5.63
193,zmales5c@opensource.org,96.231.211.148,Franc,Medigus Ltd.,81.69
194,ofollows5d@t.co,92.23.206.204,Euro,"Blucora",1.38
195,liacovolo5e@squarespace.com,101.199.228.145,Rupiah,Invesco California Value Municipal Income Trust,0.35
196,jpurchall5f@mac.com,101.104.28.71,Yuan Renminbi,Summit State Bank,4.97
197,jyellep5g@blogspot.com,142.30.67.106,Sol,Apollo Investment Corporation,30.38
198,mkoop5h@prlog.org,54.28.198.96,Peso,Crescent Point Energy Corporation,60.03
199,gknowles5i@imgur.com,31.154.171.193,Ruble,Public Storage,48.23
200,jvandecastele5j@netlog.com,231.225.15.142,Peso,"PC Connection",57.57
201,nryton5k@unblog.fr,29.206.170.187,Balboa,Citizens & Northern Corp,80.27
202,smiddle5l@angelfire.com,190.234.82.218,Euro,Lancaster Colony Corporation,38.32
203,aghirardi5m@bbc.co.uk,13.16.36.41,Euro,GasLog LP.,90.48
204,lnardrup5n@answers.com,12.236.141.46,Peso,"Red Rock Resorts",10.58
205,skisting5o@thetimes.co.uk,246.227.57.47,Real,"Second Sight Medical Products",50.58
206,cesmead5p@163.com,154.45.226.63,Real,Enerplus Corporation,98.35
207,textil5q@usnews.com,107.33.184.224,Dollar,"DineEquity Inc",53.03
208,mcropton5r@walmart.com,94.127.251.115,Yuan Renminbi,Origo Acquisition Corporation,89.55
209,uabley5s@bloglovin.com,215.193.247.206,Tugrik,"Aeglea BioTherapeutics",36.71
210,arodders5t@tripadvisor.com,26.246.40.251,Peso,Geo Group Inc (The),71.34
211,rscoggan5u@ehow.com,0.252.234.243,Guarani,Enterprise Financial Services Corporation,79.17
212,dgalvan5v@odnoklassniki.ru,193.77.23.78,Dollar,Frank's International N.V.,78.19
213,gbenthall5w@wikispaces.com,27.223.33.241,Franc,JinkoSolar Holding Company Limited,4.62
214,gbicksteth5x@kickstarter.com,215.235.151.207,Baht,PTC Inc.,76.43
215,agrahlmans5y@google.ca,185.232.189.81,Marka,Dana Incorporated,3.14
216,smidlane5z@quantcast.com,3.36.123.223,Peso,EMC Insurance Group Inc.,99.77
217,vdohrmann60@nsw.gov.au,14.58.110.19,Pound,"Baldwin & Lyons",43.71
218,lianiello61@devhub.com,12.234.250.81,Yuan Renminbi,Grupo Financiero Galicia S.A.,84.96
219,eramos62@domainmarket.com,111.95.229.51,Rupiah,IBERIABANK Corporation,17.15
220,cjosephi63@google.ru,2.154.115.223,Rupiah,WPCS International Incorporated,2.54
221,surey64@vk.com,4.188.83.63,Lek,"Jack Henry & Associates",80.77
222,emesant65@chron.com,51.38.69.40,Litas,Sensata Technologies Holding N.V.,20.20
223,gbullock66@aboutads.info,240.214.21.37,Yuan Renminbi,"Auburn National Bancorporation",28.59
224,dhowood67@slate.com,24.160.92.83,Hryvnia,"Lake Shore Bancorp",65.30
225,srosenfield68@psu.edu,88.14.149.9,Yuan Renminbi,Dr. Reddy's Laboratories Ltd,35.13
226,ctramel69@paginegialle.it,206.43.185.236,Rupiah,"Golub Capital BDC",9.69
227,kcarryer6a@booking.com,128.155.126.209,Peso,"Pulse Biosciences Inc",81.95
228,hpighills6b@cnet.com,96.232.226.81,Zloty,Retail Opportunity Investments Corp.,59.78
229,temptage6c@hc360.com,151.83.218.220,Ruble,First Trust Latin America AlphaDEX Fund,88.63
230,asiman6d@surveymonkey.com,176.43.148.83,Dram,BlackRock New York Investment Quality Municipal Trust Inc. (Th,49.17
231,caddenbrooke6e@gmpg.org,35.225.96.168,Rupiah,WisdomTree Interest Rate Hedged High Yield Bond Fund,62.45
232,hschiefersten6f@gnu.org,8.217.254.252,Real,BlackRock Long-Term Municipal Advantage Trust,78.45
233,vviant6g@census.gov,75.243.49.224,Rupiah,Pentair plc.,50.39
234,gapplegarth6h@wp.com,250.200.147.174,Sol,Great Elm Capital Corp.,35.18
235,sberni6i@360.cn,1.153.42.235,Euro,"Universal Forest Products",51.85
236,lparres6j@dailymail.co.uk,154.245.128.239,Rupiah,Dynegy Inc.,53.81
237,dsate6k@imageshack.us,198.15.228.252,Yuan Renminbi,"Evolent Health Inc",62.75
238,gbraganca6l@php.net,191.233.54.81,Ruble,"Ryman Hospitality Properties",42.27
239,rpitkeathley6m@reference.com,67.136.105.152,Shekel,DCP Midstream LP,11.55
240,ohuie6n@huffingtonpost.com,225.189.95.182,Peso,Pacific Special Acquisition Corp.,32.48
241,dcrawley6o@oaic.gov.au,154.189.129.247,Afghani,"SPI Energy Co.",38.89
242,awapple6p@webmd.com,144.70.23.83,Peso,Halcon Resources Corporation,57.84
243,gferrant6q@homestead.com,35.173.218.85,Zloty,OFS Capital Corporation,55.79
244,cclarke6r@godaddy.com,38.124.24.181,Euro,Vanguard Global ex-U.S. Real Estate ETF,84.18
245,wgummary6s@google.com,135.16.245.131,Ruble,"Bottomline Technologies",10.83
246,jcurson6t@msn.com,100.132.39.72,Rupiah,Insight Select Income Fund,38.68
247,nmcgilvray6u@woothemes.com,59.1.53.193,Rial,Kornit Digital Ltd.,30.54
248,akubicki6v@mediafire.com,191.216.194.34,Peso,"Owens & Minor",34.18
249,lgozzard6w@accuweather.com,202.91.234.4,Rupee,Global X SuperDividend Alternatives ETF,71.99
250,bstothert6x@utexas.edu,173.207.216.119,Yuan Renminbi,National Research Corporation,40.99
251,pkilliner6y@scientificamerican.com,201.140.155.207,Hryvnia,Mosaic Company (The),2.40
252,gbradmore6z@globo.com,95.230.198.129,Peso,First Trust Mid Cap Value AlphaDEX Fund,63.06
253,zludron70@comsenz.com,98.21.65.183,Yuan Renminbi,Murphy USA Inc.,46.83
254,dwinny71@networksolutions.com,149.164.107.198,Manat,"Mid-America Apartment Communities",13.81
255,frouchy72@edublogs.org,109.102.96.81,Hryvnia,Inphi Corporation,40.24
256,mshirlaw73@ibm.com,0.233.187.54,Rupiah,Seaspan Corporation,16.89
257,lhindmore74@google.co.uk,4.174.156.50,Yuan Renminbi,First Trust NASDAQ-100 Ex-Technology Sector Index Fund,60.84
258,crenzo75@craigslist.org,85.49.10.60,Rial,Quantum Corporation,91.67
259,bmelson76@squarespace.com,197.104.148.159,Yuan Renminbi,"Seabridge Gold",89.92
260,usarchwell77@ifeng.com,53.167.227.110,Rupiah,Grupo Financiero Galicia S.A.,91.70
261,bswanne78@php.net,184.148.192.219,Euro,Suncor Energy  Inc.,83.72
262,lbennoe79@dropbox.com,123.115.241.31,Yuan Renminbi,"Hamilton Bancorp",34.14
263,rshotboult7a@wordpress.org,64.27.14.250,Franc,"TRACON Pharmaceuticals",78.15
264,cpo7b@thetimes.co.uk,39.138.64.241,Ruble,Peabody Energy Corporation,87.61
265,tnetting7c@unesco.org,3.14.85.236,Dong,Santander Consumer USA Holdings Inc.,32.25
266,reglaise7d@angelfire.com,192.185.235.198,Peso,"SandRidge Energy",88.38
267,jjerrim7e@telegraph.co.uk,246.167.126.167,Rupiah,MGC Diagnostics Corporation,89.04
268,maldis7f@ustream.tv,157.169.104.202,Euro,"Advanced Micro Devices",63.94
269,paffron7g@tumblr.com,161.128.37.243,Yuan Renminbi,TriplePoint Venture Growth BDC Corp.,21.84
270,egalbreth7h@virginia.edu,202.165.20.246,Peso,Apartment Investment and Management Company,99.34
271,rscaddon7i@sitemeter.com,42.113.90.188,Rupiah,"Ocean Bio-Chem",75.14
272,sdarragh7j@apple.com,35.16.65.230,Koruna,"Perma-Fix Environmental Services",32.99
273,aburrel7k@businessweek.com,80.187.203.43,Krona,"AnaptysBio",60.14
274,ntregensoe7l@dropbox.com,55.233.74.58,Colon,Global Indemnity Limited,51.83
275,cspendley7m@freewebs.com,83.243.100.184,Dollar,"Destination XL Group",6.09
276,ofrisdick7n@quantcast.com,63.104.125.115,Kina,Accenture plc,34.41
277,sfrensch7o@mapy.cz,180.150.52.141,Krona,UNIVERSAL INSURANCE HOLDINGS INC,21.71
278,jcolthard7p@csmonitor.com,63.106.79.109,Rupiah,Greif Bros. Corporation,24.39
279,ncouronne7q@ftc.gov,198.89.41.150,Taka,VictoryShares International High Div Volatility Wtd ETF,14.35
280,fpavlitschek7r@flickr.com,228.95.87.237,Baht,"SB Financial Group",64.78
281,mgrisbrook7s@china.com.cn,135.94.209.75,Franc,"Houlihan Lokey",53.11
282,gkeford7t@miibeian.gov.cn,187.218.6.185,Euro,"YRC Worldwide",65.01
283,tmaling7u@lulu.com,161.123.175.35,Rupiah,"Sucampo Pharmaceuticals",29.57
284,jaujean7v@pagesperso-orange.fr,27.177.216.102,Kuna,Guangshen Railway Company Limited,48.45
285,mcella7w@epa.gov,134.50.243.80,Baht,"Heartland Express",25.17
286,fkell7x@g.co,119.103.71.216,Peso,"Valhi",13.16
287,awinward7y@unesco.org,122.150.241.237,Rupiah,General Electric Capital Corporation,64.43
288,mhugin7z@macromedia.com,50.75.61.166,Ringgit,Invesco Pennsylvania Value Municipal Income Trust,72.94
289,tmixter80@house.gov,44.153.139.141,Euro,New Residential Investment Corp.,1.98
290,icoppen81@ft.com,26.123.44.21,Zloty,"Kulicke and Soffa Industries",25.57
291,bploughwright82@sakura.ne.jp,247.225.144.35,Kuna,TravelCenters of America LLC,9.48
292,ptrewhella83@dmoz.org,43.229.136.225,Pound,NCR Corporation,71.61
293,rdymott84@1688.com,132.121.150.107,Euro,Alcobra Ltd.,15.18
294,agoldfinch85@whitehouse.gov,218.107.10.242,Peso,Qualstar Corporation,47.37
295,pmordon86@ox.ac.uk,92.128.255.171,Real,"Polar Power",91.05
296,mbarstock87@nydailynews.com,172.92.224.199,Peso,Eaton Vance Corporation,36.25
297,kcosty88@usgs.gov,58.215.51.92,Peso,"Celldex Therapeutics",68.77
298,emcclinton89@ameblo.jp,98.181.170.248,Yuan Renminbi,"Century Casinos",21.79
299,dromaines8a@vk.com,55.121.80.141,Dollar,"Wheeler Real Estate Investment Trust",89.10
300,mcockaday8b@sphinn.com,158.37.100.80,Peso,Sumitomo Mitsui Financial Group Inc,54.04
301,jspencley8c@scribd.com,51.23.200.98,Rupiah,Green Plains Partners LP,37.20
302,hsimnor8d@privacy.gov.au,161.193.155.191,Franc,"Sanderson Farms",54.21
303,gthornton8e@answers.com,187.192.209.165,Rupiah,Deutsche Bank AG,21.09
304,ttine8f@flavors.me,112.79.41.168,Lek,Vanguard Global ex-U.S. Real Estate ETF,21.55
305,tglanz8g@furl.net,142.44.138.6,Rupiah,IDEX Corporation,92.34
306,ghakking8h@harvard.edu,143.54.186.13,Dollar,"Summit Hotel Properties",2.26
307,awilshin8i@discuz.net,160.89.178.81,Peso,"Information Services Group",53.25
308,ddowrey8j@samsung.com,237.20.187.137,Dollar,"Houlihan Lokey",55.54
309,bkleiser8k@wikispaces.com,163.92.22.148,Euro,Progenics Pharmaceuticals Inc.,27.14
310,gosbidston8l@aol.com,49.151.91.172,Rupiah,Hovnanian Enterprises Inc,99.84
311,rseers8m@chronoengine.com,151.195.77.122,Ruble,American Woodmark Corporation,45.06
312,nedworthye8n@yale.edu,2.135.30.112,Rupiah,"CSS Industries",88.12
313,ckurth8o@illinois.edu,201.32.201.13,Real,"Whole Foods Market",0.30
314,dlister8p@homestead.com,55.223.191.158,Shilling,"SPS Commerce",29.63
315,ecurds8q@reverbnation.com,17.12.105.220,Naira,"Alder BioPharmaceuticals",43.03
316,losband8r@vkontakte.ru,166.239.126.39,Pula,"Black Knight Financial Services",31.74
317,kglavin8s@alexa.com,101.44.107.13,Ruble,"MSC Industrial Direct Company",74.67
318,mfullwood8t@newyorker.com,65.113.181.196,Yuan Renminbi,"Biostage",86.33
319,oboolsen8u@diigo.com,245.37.5.145,Yuan Renminbi,Monster Beverage Corporation,46.73
320,rdugue8v@indiegogo.com,39.56.252.154,Peso,Royal Bank Scotland plc (The),30.69
321,jphilipeau8w@youtube.com,74.233.5.52,Sol,FlexShares STOXX Global ESG Impact Index Fund,63.07
322,tjorissen8x@google.it,99.218.238.112,Hryvnia,KraneShares CSI China Internet ETF,37.12
323,jgumbley8y@google.com.au,213.191.135.92,Euro,"Supernus Pharmaceuticals",62.74
324,bcrangle8z@eepurl.com,144.193.8.203,Leone,Nuveen California Quality Municipal Income Fund,10.62
325,asinden90@cpanel.net,147.204.190.151,Yuan Renminbi,J & J Snack Foods Corp.,3.13
326,rrudwell91@sitemeter.com,200.244.206.201,Zloty,Orix Corp Ads,23.14
327,mwhitmarsh92@naver.com,95.152.80.247,Rupiah,"Manning & Napier",41.42
328,vmellsop93@mayoclinic.com,245.52.22.16,Pound,"Infinity Pharmaceuticals",95.33
329,djoist94@cbc.ca,247.218.1.24,Dinar,"Expedia",49.54
330,pfrazer95@theglobeandmail.com,141.138.117.166,Lempira,GGP Inc.,12.46
331,rhawkswood96@t.co,95.185.138.67,Krona,CarMax Inc,33.88
332,qoconor97@scientificamerican.com,9.174.37.202,Dollar,Sanofi,20.19
333,vmcalinden98@shop-pro.jp,200.16.111.140,Rial,"Golub Capital BDC",3.09
334,melt99@networkadvertising.org,195.12.49.210,Rand,"AmTrust Financial Services",44.57
335,slegall9a@admin.ch,247.61.196.74,Yuan Renminbi,"Ameresco",0.34
336,gthornewill9b@skyrock.com,171.232.86.17,Kuna,New Home Company Inc. (The),14.05
337,mbethell9c@photobucket.com,183.164.97.72,Dollar,Old Point Financial Corporation,39.68
338,dwaplington9d@vistaprint.com,245.174.99.110,Yuan Renminbi,"JAKKS Pacific",58.43
339,lbellward9e@addthis.com,183.248.184.82,Euro,American Homes 4 Rent,13.08
340,agreve9f@feedburner.com,243.182.168.9,Real,"Soligenix",4.70
341,pfildes9g@homestead.com,47.144.82.106,Krona,Calamos Global Dynamic Income Fund,35.34
342,nropartz9h@mac.com,64.186.49.167,Yuan Renminbi,Snap Inc.,64.53
343,bdellenbroker9i@vk.com,155.169.147.9,Yuan Renminbi,Kitov Pharmaceuticals Holdings Ltd.,96.72
344,tmceneny9j@wisc.edu,174.183.71.115,Tugrik,BlackRock Municipal Target Term Trust Inc. (The),78.76
345,kwinter9k@furl.net,103.16.178.28,Peso,VictoryShares US 500 Volatility Wtd ETF,48.18
346,rtoleman9l@senate.gov,113.117.251.198,Dollar,"Compania Cervecerias Unidas S.A.",19.81
347,jmuris9m@blogs.com,20.117.148.253,Ringgit,Navigator Holdings Ltd.,2.09
348,aegdal9n@amazon.de,101.43.72.13,Yuan Renminbi,"Strata Skin Sciences",53.50
349,mcrosseland9o@washingtonpost.com,81.57.245.144,Euro,Kamada Ltd.,50.85
350,amcgannon9p@ucoz.ru,131.81.103.222,Rupiah,"Revance Therapeutics",41.88
351,kfotitt9q@nymag.com,187.115.213.44,Guarani,Credit Suisse Group,9.33
352,jbaysting9r@goo.ne.jp,129.63.130.53,Euro,"PDC Energy",53.07
353,pbonfield9s@usgs.gov,66.215.89.252,Yuan Renminbi,Iron Mountain Incorporated,76.24
354,rrostern9t@printfriendly.com,244.134.99.63,Yuan Renminbi,"Aerohive Networks",47.85
355,ccouroy9u@youku.com,97.29.123.186,Hryvnia,Discover Financial Services,16.10
356,idonnel9v@ehow.com,89.77.173.177,Koruna,"Airgain",42.27
357,jwalas9w@gravatar.com,88.189.173.161,Ruble,Alleghany Corporation,73.92
358,tphippin9x@mit.edu,202.44.98.75,Sol,Capital City Bank Group,32.16
359,bbaxster9y@tmall.com,171.153.219.1,Euro,Baxter International Inc.,25.27
360,lkleeman9z@shinystat.com,143.251.50.109,Shilling,"Delta Air Lines",62.52
361,ltappa0@wunderground.com,179.178.44.122,Ruble,Macro Bank Inc.,45.11
362,htrevena1@cbsnews.com,77.107.61.102,Rupiah,CBS Corporation,10.18
363,cbennisa2@youku.com,28.188.238.21,Sol,Aircastle Limited,95.77
364,qborlanda3@51.la,162.84.147.96,Peso,AmerisourceBergen Corporation (Holding Co),9.18
365,tnapolia4@ed.gov,180.98.175.151,Yuan Renminbi,"NETGEAR",55.77
366,egregorya5@instagram.com,218.85.119.159,Ringgit,Ivy NextShares,0.96
367,lshercliffa6@naver.com,115.242.243.196,Peso,OMNOVA Solutions Inc.,51.54
368,mgawthropa7@nps.gov,160.180.246.174,Ruble,Sphere 3D Corp.,83.27
369,egreenhilla8@marriott.com,15.81.146.212,Dollar,Conatus Pharmaceuticals Inc.,24.04
370,ggirogettia9@hud.gov,99.16.187.13,Rupiah,Global X MSCI SuperDividend EAFE ETF,93.22
371,msimakovaa@myspace.com,84.222.39.125,Peso,Origo Acquisition Corporation,71.91
372,asauntonab@timesonline.co.uk,221.121.65.211,Euro,"Diamond Offshore Drilling",47.40
373,jsyphasac@loc.gov,218.5.119.109,Rupee,"CEVA",14.73
374,gfarringtonad@so-net.ne.jp,158.5.244.16,Rupiah,Microsoft Corporation,97.79
375,bmaccreeae@weather.com,223.143.54.131,Peso,"ALJ Regional Holdings",29.45
376,mjewellaf@123-reg.co.uk,200.73.38.154,Yuan Renminbi,"Bassett Furniture Industries Incorporated",11.96
377,mlestorag@nhs.uk,154.177.122.30,Yuan Renminbi,"Weyco Group",48.65
378,alistonah@indiegogo.com,248.95.232.162,Rupiah,"Cavco Industries",22.38
379,dscardefieldai@amazon.de,188.155.66.136,Euro,Moody's Corporation,30.93
380,llindsleyaj@scribd.com,137.197.10.57,Dollar,Orthofix International N.V.,77.03
381,atrimmillak@ycombinator.com,235.13.108.220,Hryvnia,"Natuzzi S.p.A.",6.27
382,dablottal@theatlantic.com,23.37.108.89,Ruble,WD-40 Company,10.49
383,kwhittenam@scientificamerican.com,144.155.1.238,Yuan Renminbi,Coupa Software Incorporated,10.28
384,aargoan@pbs.org,211.243.238.205,Yuan Renminbi,"SAExploration Holdings",4.44
385,jelceao@princeton.edu,37.64.200.17,Peso,CarMax Inc,39.76
386,blonghurstap@nifty.com,0.35.101.216,Ringgit,Zosano Pharma Corporation,73.56
387,jhurstaq@webmd.com,96.102.191.47,Yuan Renminbi,The GDL Fund,2.65
388,fjorioar@pbs.org,221.111.39.98,Real,DoubleLine Opportunistic Credit Fund,4.76
389,ndiggonsas@yolasite.com,53.11.31.133,Euro,Nuveen All Cap Energy MLP Opportunities Fund,75.42
390,bcasoneat@marriott.com,216.138.155.86,Euro,"Wayside Technology Group",25.77
391,wsywellau@wunderground.com,125.57.161.35,Yuan Renminbi,"Mexico Equity and Income Fund (The)",1.80
392,dflecknoeav@sitemeter.com,81.152.132.76,Rupiah,"NETGEAR",64.13
393,ewalderaaw@homestead.com,108.212.190.147,Euro,Kayne Anderson MLP Investment Company,0.43
394,fleadbitterax@behance.net,61.228.56.154,Ruble,ConocoPhillips,65.11
395,wgimletay@altervista.org,220.167.221.59,Yuan Renminbi,SeaSpine Holdings Corporation,54.20
396,aaugaraz@furl.net,4.81.232.71,Lek,TiVo Corporation,71.56
397,lwelchmanb0@nasa.gov,216.57.129.105,Peso,"Biolase",16.69
398,bdoyb1@typepad.com,35.163.9.48,Euro,"BeyondSpring",36.72
399,snelseyb2@globo.com,74.98.38.39,Dollar,"Martin Marietta Materials",64.86
400,jellerbyb3@europa.eu,167.184.155.173,Dinar,"Hanwha Q CELLS Co. ",79.17
401,vgoodswenb4@wufoo.com,188.8.228.61,Real,Shinhan Financial Group Co Ltd,54.33
402,gkerwinb5@amazon.co.uk,147.169.146.25,Yen,"Seattle Genetics",17.79
403,ajerramsb6@sohu.com,72.209.219.73,Dollar,"Versartis",7.74
404,eblodgettb7@freewebs.com,139.158.121.8,Yuan Renminbi,"Waddell & Reed Financial",85.90
405,pandrezb8@webmd.com,50.93.14.2,Euro,"Trinity Industries",62.98
406,lalvaresb9@oracle.com,109.145.7.74,Yuan Renminbi,Renesola Ltd.,91.52
407,rkeetonba@dot.gov,83.129.100.73,Krone,"SilverBow Resorces",55.79
408,slogesdalebb@fda.gov,150.151.155.227,Yuan Renminbi,"PIMCO Strategic Income Fund",97.96
409,imullanybc@goodreads.com,29.130.36.149,Dong,Nuveen Intermediate Duration Municipal Term Fund,17.32
410,jleasonbd@acquirethisname.com,175.0.142.27,Yuan Renminbi,Select Income REIT,98.41
411,adibdinbe@ameblo.jp,19.241.227.224,Yen,"Citrix Systems",77.96
412,fbonhommebf@people.com.cn,227.100.234.54,Rupiah,"Mitek Systems",32.81
413,mchanningbg@mayoclinic.com,235.192.74.108,Ruble,"Banco Santander S.A.",63.64
414,jjosiahbh@bloomberg.com,244.30.233.158,Ruble,Sprint Corporation,39.99
415,mbirtlesbi@zimbio.com,222.141.42.208,Yuan Renminbi,Kimbell Royalty Partners,16.33
416,sherculesonbj@biblegateway.com,40.10.84.16,Yen,LMP Capital and Income Fund Inc.,88.79
417,sorrinbk@bbc.co.uk,249.44.145.50,Rupiah,Verizon Communications Inc.,59.14
418,yronchettibl@nydailynews.com,70.67.234.88,Yuan Renminbi,Cowen Inc.,81.14
419,vjanikowskibm@naver.com,46.24.140.169,Yuan Renminbi,"United Bankshares",82.41
420,mpetkenbn@yandex.ru,177.181.63.96,Dollar,PowerShares DWA Emerging Markets Momentum Portfolio,25.45
421,istobiebo@ebay.co.uk,250.52.161.72,Krona,"Pro-Dex",83.26
422,tbaggaleybp@example.com,98.217.38.133,Shilling,"Codexis",3.57
423,bdaymentbq@cpanel.net,59.51.103.218,Peso,Aramark,67.28
424,aalessandonebr@live.com,139.186.191.97,Yuan Renminbi,"John Wiley & Sons",0.58
425,zcouthbs@nifty.com,80.173.84.125,Real,Apartment Investment and Management Company,74.64
426,rlamortbt@example.com,143.111.46.26,Rupiah,"Townsquare Media",15.57
427,cblindtbu@princeton.edu,74.221.120.124,Peso,"Shoe Carnival",53.97
428,ebertbv@example.com,151.223.183.236,Dinar,"Boise Cascade L.L.C.",21.25
429,cstopsbw@fotki.com,91.238.254.93,Dollar,Citizens & Northern Corp,61.60
430,ucookesbx@auda.org.au,34.118.251.5,Yuan Renminbi,FlexShares Real Assets Allocation Index Fund,91.33
431,roddby@elpais.com,179.196.121.15,Forint,Hudbay Minerals Inc.,65.88
432,rpeagrimbz@dell.com,95.34.83.75,Rupiah,Alpine Global Dynamic Dividend Fund,69.21
433,cbasilic0@indiatimes.com,255.79.1.126,Rand,Differential Brands Group Inc.,63.67
434,mchivertonc1@java.com,165.244.25.141,Euro,"Blackrock MuniHoldings Quality Fund",55.69
435,jpaolozzic2@diigo.com,37.43.114.80,Yuan Renminbi,ProShares UltraPro QQQ,89.40
436,dprevettc3@berkeley.edu,178.98.148.137,Zloty,Nuveen Select Tax Free Income Portfolio,90.69
437,jkinghornec4@nationalgeographic.com,99.142.81.79,Peso,Axalta Coating Systems Ltd.,94.46
438,scurnowc5@ibm.com,29.61.245.48,Rupiah,Vornado Realty Trust,31.40
439,ebettingtonc6@themeforest.net,110.147.63.158,Guarani,"Hawaiian Electric Industries",58.25
440,bbehnc7@reuters.com,79.51.235.88,Euro,Chemung Financial Corp,20.92
441,iovillc8@qq.com,186.49.8.111,Zloty,Genie Energy Ltd.,1.04
442,rduckc9@wp.com,93.153.67.233,Zloty,"M I Acquisitions",46.35
443,dmertschingca@marketwatch.com,165.83.226.34,Peso,Cray Inc,37.12
444,kherreroscb@plala.or.jp,37.200.189.230,Krone,AdvisorShares Market Adaptive Unconstrained Income ETF,71.53
445,lleachcc@networkadvertising.org,58.84.168.139,Tenge,Liberty Broadband Corporation,70.13
446,tattwatercd@google.com.au,22.217.61.47,Krone,"Tenax Therapeutics",43.15
447,tputtance@theguardian.com,200.221.33.233,Yen,Kroger Company (The),22.37
448,gclawecf@whitehouse.gov,4.40.83.30,Zloty,Blackrock MuniYield Investment Fund,95.18
449,mfeifercg@loc.gov,96.239.33.89,Ruble,Nordic American Tankers Limited,77.81
450,bnorthcliffech@pen.io,250.214.179.115,Euro,West Corporation,3.90
451,mastlesci@utexas.edu,87.11.32.159,Krona,Putnam High Income Bond Fund,12.30
452,kgutchercj@themeforest.net,199.250.157.61,Peso,Kemet Corporation,36.72
453,mpassck@prweb.com,160.181.114.106,Zloty,iShares S&P India Nifty 50 Index Fund,59.11
454,thoytcl@mapquest.com,72.40.123.31,Dollar,MB Financial Inc.,81.04
455,didellcm@yellowpages.com,211.18.14.142,Shilling,First Internet Bancorp,64.62
456,rmayhewcn@slate.com,241.86.83.173,Rupiah,SLM Corporation,72.37
457,bblabberco@over-blog.com,251.132.228.194,Peso,"CommerceHub",24.62
458,ncordescp@de.vu,179.145.215.121,Yuan Renminbi,Ashford Hospitality Trust Inc,56.07
459,rrheamcq@microsoft.com,245.205.203.39,Euro,LSI Industries Inc.,70.64
460,lbossecr@vk.com,157.82.141.229,Peso,Iridium Communications Inc,39.12
461,esteinorcs@hatena.ne.jp,228.76.197.156,Yuan Renminbi,"Industrial Services of America",38.66
462,pidellct@imdb.com,208.196.186.133,Peso,"Hartford Financial Services Group (The)",77.89
463,gellacottcu@moonfruit.com,99.102.124.98,Lek,Liberty Global plc,21.29
464,alevinecv@free.fr,239.188.56.144,Yuan Renminbi,"United Parcel Service",55.32
465,ajopkecw@photobucket.com,225.183.130.215,Baht,Rosehill Resources Inc.,88.93
466,bsoulsbycx@ucla.edu,57.14.208.131,Lev,"First Industrial Realty Trust",25.37
467,pletchfordcy@china.com.cn,26.101.140.166,Euro,Petroquest Energy Inc,22.90
468,gfollowscz@dailymotion.com,240.64.109.209,Euro,DCP Midstream LP,36.88
469,fshortind0@ycombinator.com,11.246.62.7,Gourde,Steelcase Inc.,89.50
470,aboylundd1@addthis.com,248.197.209.179,Yuan Renminbi,"Skyworks Solutions",10.32
471,asouttard2@zdnet.com,116.23.40.56,Rupiah,"Cardiovascular Systems",45.85
472,mgayterd3@studiopress.com,105.18.30.162,Rupiah,"Jason Industries",17.97
473,pstukingsd4@vistaprint.com,124.187.126.204,Dinar,"NextEra Energy",56.78
474,imaydwelld5@google.it,247.155.142.62,Dollar,"Civista Bancshares ",84.05
475,bticksalld6@mozilla.org,202.235.189.190,Quetzal,Calamos Strategic Total Return Fund,68.55
476,dgiottinid7@army.mil,134.68.199.11,Tenge,Ameris Bancorp,85.89
477,cmckeond8@google.nl,228.166.143.220,Euro,"Diplomat Pharmacy",75.01
478,dpressnelld9@deliciousdays.com,206.124.175.129,Yuan Renminbi,"Papa John's International",39.01
479,mcapponerda@europa.eu,225.99.169.139,Hryvnia,Netshoes (Cayman) Limited,41.75
480,atomsondb@t.co,52.10.122.132,Zloty,Vascular Biogenics Ltd.,63.48
481,nocrigandc@twitpic.com,42.239.22.56,Dirham,Pebblebrook Hotel Trust,63.87
482,lcastlakedd@census.gov,151.11.74.211,Euro,"Applied Optoelectronics",66.33
483,bmaruszewskide@utexas.edu,48.145.135.232,Peso,"Laredo Petroleum",64.80
484,dkleinschmidtdf@forbes.com,42.140.156.229,Peso,Resource Capital Corp.,36.65
485,kmurrumdg@chicagotribune.com,76.127.118.144,Zloty,Ramco-Gershenson Properties Trust,18.39
486,qtesdaledh@tiny.cc,27.206.177.59,Euro,TOR Minerals International Inc,41.83
487,kwhitingtondi@mysql.com,226.169.114.166,Peso,Quinpario Acquisition Corp. 2,73.37
488,ffontelldj@epa.gov,195.51.65.211,Krone,Zebra Technologies Corporation,40.86
489,wfranksdk@noaa.gov,18.102.135.176,Shilling,Essendant Inc.,50.01
490,mdmitrovicdl@vk.com,177.219.179.115,Ruble,PartnerRe Ltd.,39.79
491,bjanouchdm@tamu.edu,150.143.106.0,Yuan Renminbi,Comerica Incorporated,41.20
492,dchristalldn@redcross.org,51.139.125.87,Dollar,"ONEOK",80.62
493,vswynedo@archive.org,130.26.53.165,Krona,"SandRidge Energy",62.41
494,myardleydp@npr.org,218.37.18.120,Ruble,Anworth Mortgage Asset  Corporation,71.66
495,rbailesdq@4shared.com,46.46.83.179,Manat,Griffon Corporation,92.85
496,clewzeydr@g.co,199.141.125.91,Rupiah,"HarborOne Bancorp",1.13
497,jwinmillds@clickbank.net,228.203.203.85,Yuan Renminbi,"FRP Holdings",23.27
498,agunnelldt@unicef.org,189.234.99.20,Euro,Genpact Limited,92.33
499,bmethringhamdu@uiuc.edu,120.182.154.124,Rupiah,BRT Apartments Corp.,18.40
500,ghorbathdv@webmd.com,28.82.221.115,Yen,"SmartFinancial",3.85
501,yungerechtdw@google.cn,72.151.47.168,Peso,Lannett Co Inc,95.22
502,ukeesmandx@oakley.com,213.196.243.191,Euro,"First Connecticut Bancorp",50.25
503,msinnettdy@yellowpages.com,42.184.39.11,Peso,D/B/A Chubb Limited New,5.58
504,lbrownleadz@europa.eu,255.70.157.238,Lempira,"Urban One ",36.71
505,rpinnelle0@about.com,154.207.205.212,Rupiah,"Dollar Tree",18.47
506,vcudbirde1@ucla.edu,199.101.156.120,Yen,"Owens & Minor",54.54
507,frufflese2@usgs.gov,67.243.70.77,Ruble,Vistra Energy Corp.,10.68
508,hiapicoe3@ustream.tv,167.159.148.164,Peso,"Werner Enterprises",60.11
509,pmiddlee4@alexa.com,20.169.12.210,Yuan Renminbi,AudioCodes Ltd.,65.41
510,dredierse5@exblog.jp,22.85.173.38,Peso,ChipMOS TECHNOLOGIES INC.,86.68
511,gdurdane6@zimbio.com,31.62.55.125,Yuan Renminbi,Zynga Inc.,5.78
512,bjakovijevice7@opera.com,37.82.241.154,Dram,SCIENCE APPLICATIONS INTERNATIONAL CORPORATION,54.87
513,cspellesye8@soundcloud.com,51.32.255.187,Euro,Cowen Inc.,8.99
514,ckupkee9@dot.gov,19.185.40.128,Euro,Intuit Inc.,91.25
515,koloneea@dropbox.com,22.151.76.120,Rupiah,"Aberdeen Greater China Fund",14.77
516,ctonryeb@google.co.uk,153.219.219.242,Peso,Vanguard International Dividend Appreciation ETF,62.14
517,emccarrickec@jugem.jp,152.255.48.247,Yuan Renminbi,"Legg Mason",48.53
518,mfilipoved@chron.com,123.11.31.161,Hryvnia,Nuveen Select Tax Free Income Portfolio III,43.39
519,cgrettonee@ning.com,213.78.249.219,Euro,"Forward Industries",82.23
520,silyasef@yandex.ru,190.76.254.128,Rand,McDonald's Corporation,61.63
521,cmerryeg@amazonaws.com,127.168.150.65,Peso,"Calavo Growers",55.53
522,gpoleseh@indiatimes.com,50.92.179.44,Cedi,"P & F Industries",15.33
523,mmeersei@mtv.com,23.72.214.104,Zloty,"Summit Hotel Properties",40.83
524,ldepkaej@toplist.cz,227.151.135.216,Dollar,FirstService Corporation,42.08
525,samblerek@dion.ne.jp,135.151.184.121,Krone,PowerShares DWA Tactical Multi-Asset Income Portfolio,38.30
526,ssansburyel@myspace.com,206.202.175.208,Yuan Renminbi,Proshares UltraPro Nasdaq Biotechnology,14.57
527,mwarkem@foxnews.com,11.16.66.177,Rand,Ashford Hospitality Trust Inc,31.34
528,kgracewooden@chronoengine.com,102.151.212.178,Yuan Renminbi,"Royce Value Trust",67.55
529,bkinnocheo@skyrock.com,233.60.131.86,Dollar,Cellect Biotechnology Ltd.,72.80
530,gwhettonep@hexun.com,212.101.59.198,Yuan Renminbi,Mackinac Financial Corporation,33.31
531,pmemmoryeq@time.com,81.44.7.247,Yuan Renminbi,"Home Federal Bancorp of Louisiana",37.38
532,emcavaddyer@xrea.com,250.184.179.116,Rupiah,Medley Capital Corporation,48.10
533,gbrettelles@dailymail.co.uk,168.46.142.26,Yuan Renminbi,"Lantheus Holdings",16.89
534,jodgerset@nyu.edu,214.136.130.34,Rupiah,"Alnylam Pharmaceuticals",64.72
535,abacopeu@typepad.com,246.93.2.238,Yuan Renminbi,Nordic American Tankers Limited,24.31
536,lpfefferev@nifty.com,200.196.45.120,Ruble,Banco Bradesco Sa,52.90
537,ktebbittew@amazonaws.com,107.216.245.152,Yuan Renminbi,"Maximus",69.66
538,goppyex@google.ca,110.77.242.14,Cedi,LendingClub Corporation,0.85
539,sknevitey@accuweather.com,132.64.83.124,Peso,"Myriad Genetics",95.87
540,rvardieez@bravesites.com,88.163.125.220,Rial,Validea Market Legends ETF,51.89
541,rcathcartf0@salon.com,95.195.98.33,Ruble,Dynegy Inc.,17.18
542,cpyserf1@tinyurl.com,241.136.251.172,Yuan Renminbi,"Lawson Products",11.05
543,wpinwellf2@foxnews.com,105.111.210.99,Euro,"Perma-Fix Environmental Services",50.50
544,fthiesef3@eepurl.com,214.3.141.189,Rupiah,"e.l.f. Beauty",87.32
545,nviolletf4@mysql.com,107.186.131.51,Yuan Renminbi,Quorum Health Corporation,93.97
546,lpleasef5@last.fm,216.165.157.24,Franc,Stratus Properties Inc.,83.61
547,dmaffeif6@etsy.com,242.115.190.199,Krona,First Trust NASDAQ Smartphone Index Fund,66.97
548,wvanyakinf7@fotki.com,40.28.94.134,Yuan Renminbi,"A V Homes",71.12
549,kcoulstonf8@ezinearticles.com,127.204.222.88,Rupiah,"Gyrodyne  LLC",87.06
550,svaneedenf9@de.vu,254.201.35.251,Yuan Renminbi,"Acacia Communications",91.55
551,fgreenhowefa@newsvine.com,71.219.150.194,Yuan Renminbi,"Nature's Sunshine Products",54.35
552,mmccritchiefb@bing.com,99.4.189.103,Dong,Covisint Corporation,12.05
553,meggerfc@mozilla.org,29.205.94.13,Peso,Central Valley Community Bancorp,86.07
554,cbranneyfd@unesco.org,83.235.91.199,Peso,"Southern First Bancshares",89.48
555,gbauldfe@ft.com,251.157.252.217,Rupiah,Dataram Corporation,91.75
556,hjollandsff@php.net,69.194.240.213,Yuan Renminbi,"Torchlight Energy Resources",92.28
557,pcockettfg@unesco.org,114.70.2.41,Rupiah,"Supernus Pharmaceuticals",41.34
558,nlehrfh@yellowbook.com,146.216.112.213,Shilling,Toyota Motor Corp Ltd Ord,85.82
559,aamericifi@si.edu,49.197.116.147,Somoni,"51job",67.58
560,vcongramfj@microsoft.com,176.250.189.79,Rupiah,"PIMCO Strategic Income Fund",72.81
561,nmurreyfk@yahoo.co.jp,227.200.160.196,Rupiah,Alphabet Inc.,94.48
562,rhouseleefl@histats.com,94.245.199.126,Rupiah,"Amicus Therapeutics",41.52
563,sbennedsenfm@about.me,197.147.96.4,Yuan Renminbi,Nevro Corp.,22.50
564,jdorringtonfn@sakura.ne.jp,182.220.110.143,Real,Neogen Corporation,53.39
565,gthorleyfo@nba.com,101.121.17.172,Peso,Pan American Silver Corp.,23.95
566,amagillfp@businessinsider.com,164.46.68.169,Zloty,"PNC Financial Services Group (The)",62.26
567,pmartignonfq@newyorker.com,212.239.163.62,Balboa,"Urban Outfitters",27.53
568,amalbonfr@twitter.com,140.19.152.140,Dollar,"Famous Dave's of America",49.65
569,lrealfs@harvard.edu,228.160.211.242,Peso,"Wolverine World Wide",74.20
570,jphlippsenft@tumblr.com,176.203.115.191,Rupiah,Bio-Techne Corp,47.26
571,nvillarfu@over-blog.com,181.66.103.153,Manat,Chemed Corp.,16.25
572,emacknielyfv@umn.edu,24.25.206.149,Won,"Tivity Health",21.62
573,sromandfw@omniture.com,201.125.16.201,Sol,"Ocean Power Technologies",76.31
574,cmunciefx@cargocollective.com,122.193.106.235,Yuan Renminbi,Intrexon Corporation,35.19
575,tbednallfy@nymag.com,190.198.228.190,Ruble,Genesco Inc.,24.65
576,bdsouzafz@smugmug.com,158.180.110.42,Euro,"ARC Document Solutions",0.03
577,fhulattg0@narod.ru,203.39.179.25,Yuan Renminbi,Western Asset Variable Rate Strategic Fund Inc.,39.32
578,thawkshawg1@flickr.com,26.36.123.17,Yuan Renminbi,Chesapeake Energy Corporation,66.62
579,crandlesong2@odnoklassniki.ru,120.67.11.227,Rupiah,AllianzGI Convertible & Income Fund,28.50
580,ejeanesg3@delicious.com,190.25.221.129,Yuan Renminbi,"Team",54.13
581,ehabardg4@mediafire.com,178.86.182.195,Lari,Nuveen Energy MLP Total Return Fund,85.83
582,sduplantierg5@cisco.com,221.223.161.119,Sol,Diffusion Pharmaceuticals Inc.,30.19
583,npersseg6@arizona.edu,97.239.28.254,Dinar,Container Store (The),75.62
584,reasthopeg7@omniture.com,189.225.215.223,Rupiah,PPL Corporation,35.73
585,vtregearg8@dot.gov,55.255.229.194,Euro,MTGE Investment Corp.,32.27
586,mreddg9@blogspot.com,204.190.197.23,Yuan Renminbi,Brookfield Canada Office Properties,21.53
587,vmacskeaghanga@yahoo.co.jp,211.130.242.99,Peso,"TRC Companies",64.69
588,owalewskigb@yale.edu,219.56.109.105,Dollar,"Maxwell Technologies",75.15
589,btrazzigc@fda.gov,222.254.105.116,Rupiah,BP p.l.c.,29.55
590,mdearlegd@webmd.com,248.140.218.51,Ruble,"Perficient",24.05
591,gdeacockge@sbwire.com,52.138.75.191,Yuan Renminbi,Zions Bancorporation,78.34
592,fgathgf@ameblo.jp,158.95.111.130,Yuan Renminbi,Harris Corporation,87.82
593,wgodbygg@yahoo.com,35.183.222.244,Naira,Apollo Investment Corporation,66.03
594,ggregorygh@bluehost.com,186.50.201.76,Peso,"Pain Therapeutics",99.78
595,cdampgi@wix.com,94.253.170.166,Taka,Walt Disney Company (The),65.99
596,lyessongj@msu.edu,9.125.119.186,Yuan Renminbi,Sify Technologies Limited,29.33
597,rhartwrightgk@howstuffworks.com,168.0.206.60,Peso,Arch Capital Group Ltd.,20.12
598,tgannangl@squarespace.com,124.0.111.252,Peso,Northern Technologies International Corporation,94.86
599,abiaggelligm@51.la,110.33.101.47,Yuan Renminbi,DragonWave Inc,33.42
600,pcovertgn@issuu.com,151.248.208.253,Euro,NCR Corporation,29.23
601,bdudgeongo@microsoft.com,73.103.233.174,Yen,Lexington Realty Trust,46.31
602,ibenzgp@123-reg.co.uk,52.254.130.58,Rupiah,Norbord Inc.,71.25
603,jattargegq@csmonitor.com,71.111.31.179,Ringgit,Steel Partners Holdings LP,63.49
604,aharesgr@exblog.jp,32.110.74.11,Ruble,Saratoga Investment Corp,60.45
605,nscheffelgs@slashdot.org,179.231.49.82,Peso,Differential Brands Group Inc.,46.83
606,mfretsongt@theatlantic.com,55.149.250.101,Pound,"MBIA",0.60
607,emeekingu@msn.com,191.88.186.94,Yuan Renminbi,"Albireo Pharma",25.20
608,fburragegv@g.co,83.184.135.62,Rupiah,"Popular",70.17
609,hvanleeuwengw@1und1.de,184.178.221.163,Peso,DAVIDsTEA Inc.,63.22
610,kmatelyunasgx@goodreads.com,158.253.185.197,Kwacha,"Validus Holdings",57.74
611,jbirtwhistlegy@disqus.com,23.42.124.215,Ruble,"America Movil S.A.B. de C.V.",53.34
612,kbazelygz@newsvine.com,180.249.50.195,Dalasi,Intellipharmaceutics International Inc.,58.63
613,rmereweatherh0@shareasale.com,182.224.237.137,Euro,"Tableau Software",75.89
614,irosebladeh1@blogs.com,139.121.122.33,Euro,"National Health Investors",93.54
615,amiklemh2@webmd.com,56.139.180.123,Ringgit,"GTY Technology Holdings",50.25
616,ahowcrofth3@pen.io,229.214.121.244,Tenge,Pioneer Energy Services Corp.,31.32
617,aandrolih4@tmall.com,12.33.78.158,Dirham,V.F. Corporation,18.84
618,wfantonh5@networkadvertising.org,130.64.74.21,Rupiah,"B&G Foods",62.73
619,ahanburybrownh6@altervista.org,63.247.61.149,Yuan Renminbi,Davis Select Financial ETF,53.89
620,lgofordh7@fotki.com,208.95.45.170,Pound,Mitel Networks Corporation,74.73
621,eorcash8@vk.com,7.27.2.209,Yen,"Shell Midstream Partners L.P..",55.89
622,oskeathh9@seesaa.net,138.6.72.22,Colon,National Instruments Corporation,21.30
623,qfanthomeha@toplist.cz,237.137.212.85,Ruble,"Tortoise Pipeline & Energy Fund",94.63
624,smarthb@bizjournals.com,198.126.73.47,Baht,"Endologix",85.60
625,rdriscollhc@acquirethisname.com,92.118.165.150,Peso,"MFA Financial",73.58
626,aellsworthehd@wordpress.com,10.118.84.68,Real,Investors Real Estate Trust,34.64
627,dtroucherhe@google.de,210.230.213.225,Peso,"Richmont Mines",53.39
628,mweinmannhf@cdc.gov,178.100.250.56,Marka,TEGNA Inc.,69.58
629,abiggenhg@unicef.org,89.185.13.226,Rupiah,FelCor Lodging Trust Incorporated,34.05
630,iriguardhh@angelfire.com,77.64.138.217,Sol,First Trust/Aberdeen Emerging Opportunity Fund,38.43
631,lisachi@oakley.com,167.14.63.117,Euro,"T2 Biosystems",36.83
632,ldenleyhj@cnbc.com,132.242.102.208,Rupiah,Wells Fargo & Company,65.59
633,imangenethk@google.com.br,212.253.161.90,Peso,Fairmount Santrol Holdings Inc.,85.11
634,leytonhl@princeton.edu,58.130.162.24,Shilling,"P.A.M. Transportation Services",63.67
635,jeastopehm@rediff.com,18.165.50.209,Yuan Renminbi,Party City Holdco Inc.,78.31
636,lbriscohn@census.gov,21.150.197.137,Rupiah,VSE Corporation,20.43
637,dqueneho@oracle.com,125.72.237.164,Hryvnia,First Trust International Multi-Asset Diversified Income Index,55.65
638,amurishp@amazon.de,119.3.207.180,Euro,"Calavo Growers",70.09
639,feunsonhq@ucoz.ru,36.168.114.86,Zloty,"Helix Energy Solutions Group",79.95
640,gjochenhr@utexas.edu,169.133.137.177,Shekel,Origin Agritech Limited,44.87
641,eherityhs@paginegialle.it,22.127.148.213,Yuan Renminbi,PACCAR Inc.,7.83
642,nbramstomht@xing.com,14.114.174.42,Euro,Sapiens International Corporation N.V.,20.29
643,tmintramhu@seattletimes.com,188.220.131.76,Rupiah,"RTI Surgical",0.98
644,tvaynehv@imdb.com,232.33.205.75,Yuan Renminbi,Euronav NV,22.38
645,qkingswoodhw@oracle.com,1.88.62.9,Pula,"Acacia Communications",18.48
646,ahaingehx@fotki.com,18.222.152.174,Yuan Renminbi,Tekla Life Sciences Investors,5.69
647,hantonomolihy@springer.com,169.67.159.247,Euro,State Bank Financial Corporation.,42.61
648,fboggishhz@i2i.jp,62.81.131.134,Euro,Assured Guaranty Ltd.,59.38
649,ggrubeyi0@mapquest.com,91.227.116.20,Euro,Gazit-Globe Ltd.,41.29
650,cwornumi1@nhs.uk,146.195.20.159,Yuan Renminbi,Titan Machinery Inc.,3.13
651,kweeklandi2@booking.com,46.22.211.206,Yuan Renminbi,"Kelly Services",43.31
652,jwoolbrooki3@narod.ru,134.1.134.29,Yuan Renminbi,"Bio-Rad Laboratories",39.87
653,dsmullini4@blog.com,24.92.5.182,Rupiah,"New Oriental Education & Technology Group",13.52
654,wpharoahi5@nbcnews.com,250.123.7.7,Euro,First Trust RBA Quality Income ETF,71.88
655,bbechleyi6@so-net.ne.jp,14.39.90.233,Real,Primo Water Corporation,14.19
656,ivaneedeni7@mapy.cz,16.26.251.130,Real,Dividend and Income Fund,21.35
657,dbeneri8@va.gov,107.201.106.201,Kyat,OceanFirst Financial Corp.,12.24
658,mwickeni9@flavors.me,22.210.97.234,Euro,"National Oilwell Varco",98.74
659,lcoddingtonia@creativecommons.org,175.160.172.127,Krona,Great Elm Capital Corp.,0.74
660,rthiemib@fotki.com,134.211.175.207,Yuan Renminbi,"Gartner",79.15
661,roganianic@hao123.com,118.29.138.205,Hryvnia,"Caladrius Biosciences",35.11
662,gclemenzoid@cnbc.com,216.95.237.169,Ruble,Steelcase Inc.,86.45
663,jmickleboroughie@webnode.com,107.24.34.82,Kuna,iPath US Treasury Long Bond Bear ETN,55.02
664,rsydryif@mtv.com,189.141.166.75,Ringgit,"American Midstream Partners LP",84.19
665,jpingstonig@blogs.com,220.111.83.209,Yuan Renminbi,Xplore Technologies Corp,27.22
666,sbiltonih@diigo.com,24.174.33.205,Rial,MV Oil Trust,44.47
667,hhyltonii@gmpg.org,22.107.161.170,Yuan Renminbi,Advantage Oil & Gas Ltd,59.26
668,woakeshottij@wp.com,165.157.178.86,Rupiah,E.I. du Pont de Nemours and Company,94.08
669,shaddletonik@ed.gov,254.193.205.77,Euro,"PhaseRx",79.29
670,krodbourneil@sitemeter.com,37.207.52.34,Yuan Renminbi,Pilgrim's Pride Corporation,76.49
671,dshillumim@foxnews.com,242.81.38.52,Sol,Luna Innovations Incorporated,18.35
672,apreenein@shutterfly.com,173.238.151.67,Peso,J P Morgan Chase & Co,94.44
673,rrozanskiio@theatlantic.com,175.48.250.17,Rupee,Sina Corporation,92.78
674,fmecoip@nytimes.com,89.192.45.2,Yuan Renminbi,Jacobs Engineering Group Inc.,58.33
675,hseateriq@home.pl,98.203.188.17,Dinar,Ashford Hospitality Trust Inc,99.85
676,cgaryir@jiathis.com,209.76.224.20,Rupiah,Nuveen Diversified Dividend and Income Fund,31.45
677,kpaulais@lulu.com,121.34.235.87,Yuan Renminbi,Grana y Montero S.A.A.,24.32
678,ggeartyit@studiopress.com,167.62.137.105,Yuan Renminbi,Arc Logistic Partners LP,77.71
679,akenioniu@mac.com,216.230.84.57,Rupiah,ObsEva SA,69.07
680,awaggeiv@cocolog-nifty.com,11.46.172.207,Euro,Capital One Financial Corporation,36.14
681,dtomleyiw@sun.com,90.40.51.216,Kwacha,"Axon Enterprise",18.16
682,gcrewdsonix@mit.edu,149.94.248.162,Yuan Renminbi,"Ollie's Bargain Outlet Holdings",96.21
683,jhinckesmaniy@e-recht24.de,85.221.154.153,Krona,"On Deck Capital",33.57
684,vwillgossiz@guardian.co.uk,159.99.75.113,Lek,"Huttig Building Products",58.55
685,sredfordj0@elegantthemes.com,201.122.202.231,Yuan Renminbi,Allstate Corporation (The),59.73
686,rklishinj1@plala.or.jp,39.135.227.69,Euro,CM Finance Inc,55.10
687,abashfordj2@who.int,240.218.194.180,Euro,PIMCO Income Strategy Fund,37.01
688,scroutearj3@pen.io,250.59.119.140,Baht,BlueLinx Holdings Inc.,60.95
689,hdybaldj4@nyu.edu,131.17.20.157,Rupiah,"Insmed",8.17
690,lmacscheriej5@thetimes.co.uk,84.153.236.22,Yuan Renminbi,Pilgrim's Pride Corporation,97.29
691,idaishj6@dmoz.org,226.56.155.107,Yen,"Pinnacle Foods",27.27
692,cpagramj7@mysql.com,26.152.120.15,Dong,Advent Claymore Convertible Securities and Income Fund,86.87
693,jsuddockj8@theguardian.com,0.17.243.139,Kina,Kansas City Southern,36.96
694,hbaudinellij9@bloglovin.com,182.216.145.31,Kuna,AGCO Corporation,26.43
695,asynkeja@auda.org.au,244.28.35.51,Som,"Flagstar Bancorp",90.53
696,sdumberrilljb@digg.com,14.134.157.221,Peso,Tower Semiconductor Ltd.,65.63
697,igravattjc@friendfeed.com,85.197.217.170,Zloty,Eaton Vance Floating Rate Income Trust,56.69
698,rislandjd@weibo.com,21.179.71.111,Peso,"MyoKardia",37.22
699,soaktonje@blog.com,210.215.137.216,Ariary,"Microvision",61.47
700,rlightonjf@google.ca,116.123.109.33,Yuan Renminbi,"Rocky Brands",45.28
701,zespositojg@usnews.com,12.110.251.132,Yuan Renminbi,Gaming Partners International Corporation,14.23
702,gvealljh@jigsy.com,133.145.194.71,Zloty,Capitala Finance Corp.,34.88
703,rdavidssonji@google.com,225.82.36.37,Rand,Aptevo Therapeutics Inc.,92.38
704,dscranejj@businessinsider.com,91.104.42.134,Dong,EPR Properties,73.41
705,gpolesjk@instagram.com,139.237.37.72,Euro,"Huntington Ingalls Industries",67.53
706,mwaplejl@cloudflare.com,157.158.132.205,Euro,Stellar Acquisition III Inc.,63.14
707,ahaselhurstjm@harvard.edu,4.3.128.58,Sol,"Republic First Bancorp",13.63
708,mtideswelljn@domainmarket.com,249.23.241.29,Euro,Crawford & Company,41.69
709,gbrissonjo@mediafire.com,168.218.187.41,Rupiah,CF Corporation,45.88
710,msidneyjp@latimes.com,4.34.70.80,Yuan Renminbi,Royal Bank Scotland plc (The),5.17
711,ecraciejq@miibeian.gov.cn,79.117.200.170,Rupiah,BioShares Biotechnology Clinical Trials Fund,58.32
712,lcaghanjr@craigslist.org,226.164.121.199,Peso,NGL ENERGY PARTNERS LP,55.38
713,cbrideauxjs@myspace.com,89.254.199.3,Ruble,The Cushing MLP Total Return Fund,53.83
714,ecorainjt@reference.com,27.136.174.64,Yuan Renminbi,Resource Capital Corp.,87.49
715,rolunnyju@berkeley.edu,113.87.81.229,Boliviano,"Reinsurance Group of America Incorporated",49.74
716,milbertjv@prnewswire.com,173.180.2.152,Real,"The Dixie Group",82.28
717,theakinsjw@geocities.jp,137.159.101.54,Rupiah,"Nexeo Solutions",96.94
718,echildesjx@is.gd,127.178.86.162,Euro,"Blucora",57.63
719,lremmersjy@merriam-webster.com,37.163.63.176,Rupiah,Rexnord Corporation,66.68
720,eseakesjz@typepad.com,148.97.125.71,Dollar,Horizon Technology Finance Corporation,88.80
721,smayouk0@symantec.com,113.149.197.171,Lev,Nuveen Preferred and Income Term Fund,90.50
722,gallardycek1@hubpages.com,112.46.77.164,Real,Akari Therapeutics Plc,49.34
723,vgaberk2@virginia.edu,18.173.205.220,Euro,Crawford & Company,53.69
724,wsimonittok3@istockphoto.com,118.77.255.104,Peso,Pengrowth Energy Corporation,65.13
725,lbehrk4@photobucket.com,105.179.210.48,Euro,"PayPal Holdings",63.92
726,tvanninik5@networksolutions.com,45.39.29.53,Dram,Arlington Asset Investment Corp,70.37
727,apurvesk6@rakuten.co.jp,77.204.155.42,Peso,iShares MSCI Europe Small-Cap ETF,15.83
728,aswaitk7@dropbox.com,31.64.106.218,Hryvnia,Macquarie Global Infrastructure Total Return Fund Inc.,13.73
729,lprettyk8@ow.ly,81.205.176.117,Krona,Western Alliance Bancorporation,52.60
730,medgellerk9@booking.com,84.211.18.176,Ruble,"Airgain",58.80
731,hkollaska@sbwire.com,83.239.29.222,Peso,"Banc of California",82.49
732,eserridgekb@nps.gov,166.90.59.5,Yuan Renminbi,J P Morgan Chase & Co,74.35
733,crodingerkc@cisco.com,253.242.179.187,Rupiah,WisdomTree Germany Hedged Equity Fund,95.27
734,jlangforthkd@phoca.cz,227.222.73.160,Yuan Renminbi,ContraVir Pharmaceuticals Inc,89.77
735,lhurtke@harvard.edu,0.145.198.163,Rupiah,DLH Holdings Corp.,32.55
736,lgronokf@who.int,164.241.247.44,Yuan Renminbi,"Southern First Bancshares",0.62
737,btrenholmkg@dailymail.co.uk,117.229.104.235,Real,D/B/A Chubb Limited New,55.51
738,wkesleykh@whitehouse.gov,68.252.177.200,Rupiah,"Bank of the James Financial Group",97.00
739,ialkerki@slate.com,115.126.66.44,Boliviano,PowerShares DWA Consumer Cyclicals Momentum Portfolio,82.13
740,emansonkj@aboutads.info,157.32.20.57,Baht,"Cogent Communications Holdings",12.65
741,csussamskk@reference.com,112.4.19.228,Kuna,Microsemi Corporation,81.26
742,ckohlermankl@delicious.com,53.144.104.193,Rupee,Capital One Financial Corporation,73.99
743,vbeekekm@zimbio.com,137.242.164.240,Yuan Renminbi,Avista Corporation,33.95
744,apickavantkn@chron.com,245.107.189.80,Rupiah,"ClubCorp Holdings",48.78
745,lselwynko@dedecms.com,27.157.64.126,Boliviano,Western Asset Variable Rate Strategic Fund Inc.,33.30
746,zwhitekp@shop-pro.jp,127.175.10.210,Sol,E.W. Scripps Company (The),33.41
747,jtrimmillkq@nih.gov,127.213.145.192,Peso,Rio Tinto Plc,40.11
748,cyuranovevkr@wiley.com,197.145.154.125,Yuan Renminbi,"Moleculin Biotech",80.16
749,ligonetks@newyorker.com,145.252.184.223,Ringgit,PowerShares High Yield Equity Dividend Achievers Portfolio,71.59
750,cabramsonkt@ifeng.com,70.118.195.133,Rupee,"Waterstone Financial",8.63
751,esegebrechtku@ask.com,194.43.34.34,Euro,"Enphase Energy",80.67
752,gtoffaninikv@nyu.edu,96.203.187.241,Hryvnia,Canadian Solar Inc.,28.91
753,mcroshawkw@hibu.com,34.243.163.126,Nakfa,Community West Bancshares,26.98
754,mcurdellkx@yale.edu,255.97.105.103,Pound,Orbotech Ltd.,88.01
755,miscowitzky@admin.ch,65.224.121.12,Krona,"BioLife Solutions",69.87
756,cpopplestonekz@imdb.com,163.222.179.250,Yuan Renminbi,Flaherty & Crumrine Preferred Income Fund Incorporated,32.07
757,dhuniwalll0@huffingtonpost.com,107.168.205.104,Euro,Immune Pharmaceuticals Inc.,76.39
758,aspatal1@topsy.com,144.238.9.165,Euro,"Bio-Path Holdings",37.41
759,rcastanel2@reference.com,95.106.65.219,Yuan Renminbi,TransUnion,17.05
760,mmussettinil3@miitbeian.gov.cn,116.40.159.191,Rupiah,"World Wrestling Entertainment",76.28
761,clinehaml4@google.es,161.50.143.171,Rupiah,"Just Energy Group",2.48
762,moconnorl5@canalblog.com,213.126.119.145,Hryvnia,"Oclaro",87.49
763,mbeertl6@adobe.com,26.75.212.157,Rupiah,"Lee Enterprises Incorporated",29.74
764,leneverl7@intel.com,179.230.181.232,Zloty,Renasant Corporation,16.39
765,cmorkhaml8@scientificamerican.com,138.26.50.96,Yuan Renminbi,KKR & Co. L.P.,35.50
766,jchantlerl9@vimeo.com,5.12.18.100,Rupiah,Pimco Income Opportunity Fund,0.58
767,rjellicorsela@surveymonkey.com,69.209.224.115,Hryvnia,MSCI Inc,33.88
768,fbagbylb@livejournal.com,114.74.108.65,Ruble,First Trust China AlphaDEX Fund,16.94
769,csarlelc@artisteer.com,221.248.197.20,Rupiah,Seanergy Maritime Holdings Corp,79.55
770,wcorneckld@si.edu,67.97.27.85,Dollar,Government Properties Income Trust,10.29
771,mstanyardle@blogs.com,44.94.241.82,Peso,Harsco Corporation,60.37
772,astukelf@ehow.com,103.168.198.104,Franc,"CryoPort",16.12
773,fkasmanlg@businesswire.com,160.44.190.110,Ruble,Diageo plc,72.98
774,cshippardlh@salon.com,3.23.171.251,Real,"Mirati Therapeutics",96.39
775,rmainli@mediafire.com,102.221.241.192,Naira,Five Star Senior Living Inc.,57.04
776,gfordylj@marketwatch.com,87.196.79.250,Ariary,"C.R. Bard",64.01
777,craubenheimerlk@unicef.org,172.237.166.187,Yuan Renminbi,"Beasley Broadcast Group",85.21
778,bastridgell@rediff.com,222.84.71.80,Peso,"Papa Murphy's Holdings",14.32
779,zgolbornlm@ning.com,46.57.218.218,Baht,"Steel Dynamics",99.00
780,rshelveyln@shareasale.com,127.106.133.48,Zloty,"Aeglea BioTherapeutics",87.66
781,rrolselo@mac.com,181.74.144.246,Zloty,"HarborOne Bancorp",3.05
782,mfriettlp@squidoo.com,157.99.49.161,Yuan Renminbi,"Sunstone Hotel Investors",55.33
783,gmynettlq@google.ca,104.231.2.96,Yuan Renminbi,"Magellan Health",39.16
784,tcurrumlr@webnode.com,238.66.245.55,Rupiah,Blackrock New York Municipal 2018 Term Trust,91.00
785,grizzinils@mozilla.org,153.213.100.12,Hryvnia,Verizon Communications Inc.,37.58
786,maggiolt@live.com,1.63.131.226,Peso,"Paratek Pharmaceuticals ",64.58
787,dsirmondlu@bigcartel.com,97.86.9.246,Peso,"Compania Cervecerias Unidas S.A.",55.02
788,bmounfieldlv@princeton.edu,66.175.212.1,Peso,"GenMark Diagnostics",62.44
789,aportchlw@flavors.me,24.232.180.38,Rupiah,"Catalyst Pharmaceuticals",17.11
790,sberggrenlx@cisco.com,12.144.34.199,Euro,Pennsylvania Real Estate Investment Trust,66.51
791,sgiaomozzoly@amazon.com,93.145.75.186,Euro,"Earthstone Energy",98.40
792,dscraselz@paypal.com,118.189.23.74,Euro,Arrow DWA Tactical ETF,59.47
793,sjefferdm0@apache.org,78.149.161.208,Peso,Goldman Sachs MLP Income Opportunities Fund,90.50
794,fbaudym1@netvibes.com,58.77.97.30,Peso,Vistra Energy Corp.,69.19
795,hgrishaginm2@yellowpages.com,130.35.150.18,Tugrik,GasLog Partners LP,52.95
796,srampleem3@answers.com,46.255.219.166,Euro,"BGC Partners",74.82
797,cattyeom4@whitehouse.gov,43.108.16.20,Ruble,"Antares Pharma",75.28
798,mwinsomem5@army.mil,198.90.72.170,Euro,"Cotiviti Holdings",22.38
799,pferrerm6@friendfeed.com,241.203.123.122,Peso,Regulus Therapeutics Inc.,8.94
800,cshorterm7@paginegialle.it,177.155.44.127,Krona,China Cord Blood Corporation,18.00
801,dtyghtm8@cnn.com,246.20.42.211,Tenge,PIMCO Income Strategy Fund II,76.40
802,eleberm9@ibm.com,112.56.204.154,Real,"Eldorado Resorts",32.98
803,flaitma@loc.gov,168.49.235.76,Ruble,National Holdings Corporation,12.50
804,ltashmb@sogou.com,151.220.50.117,Euro,"Synopsys",66.16
805,dickovitsmc@ezinearticles.com,40.23.114.80,Ruble,ABM Industries Incorporated,86.05
806,jmoncktonmd@bandcamp.com,93.193.244.24,Som,Tuttle Tactical Management Multi-Strategy Income ETF,94.06
807,cgreshamme@bandcamp.com,181.59.152.110,Euro,"CVR Partners LP",45.33
808,ispawellmf@myspace.com,77.157.192.63,Yen,Federal Agricultural Mortgage Corporation,22.54
809,sbabstmg@opensource.org,17.45.181.18,Yuan Renminbi,"Agilent Technologies",58.21
810,mfindlowmh@smh.com.au,11.52.225.111,Yuan Renminbi,"BeyondSpring",41.48
811,sdunbabinmi@yahoo.co.jp,200.84.104.36,Yuan Renminbi,"Angie's List",55.91
812,tcaustickmj@plala.or.jp,98.8.170.140,Bolivar,"Dominion Energy",90.95
813,kbastiemk@springer.com,26.48.151.181,Rupiah,ChromaDex Corporation,89.70
814,agarrandml@gnu.org,78.48.239.82,Rupiah,Fabrinet,41.81
815,rklinermm@spiegel.de,130.129.202.56,Euro,"Ritter Pharmaceuticals",79.09
816,wcoddringtonmn@state.tx.us,225.249.45.82,Euro,"McCormick & Company Incorporated",36.25
817,amerveillemo@addtoany.com,42.9.253.236,Pound,ORBCOMM Inc.,40.49
818,jburnhammp@npr.org,56.33.107.72,Franc,"Bonanza Creek Energy",42.68
819,rcalwaymq@whitehouse.gov,231.167.62.0,Dinar,Amgen Inc.,96.94
820,eellardmr@blinklist.com,90.223.27.214,Shilling,"Lawson Products",67.49
821,anorthcotems@japanpost.jp,231.238.252.227,Pound,Virtusa Corporation,33.29
822,wsinncockmt@privacy.gov.au,246.93.80.201,Euro,Harmony Merger Corp.,67.55
823,wcubbinimu@un.org,229.23.233.15,Rupiah,"Nexeo Solutions",72.45
824,hbraunfeldmv@trellian.com,122.46.109.102,Tugrik,"Colony NorthStar",87.54
825,cdepietrimw@japanpost.jp,124.216.232.195,Koruna,Huntington Bancshares Incorporated,40.98
826,lrydzynskimx@mapquest.com,127.124.183.205,Euro,DRDGOLD Limited,68.97
827,avaszolymy@cloudflare.com,92.250.69.209,Euro,"Gabelli Equity Trust (The)",95.29
828,gshadfourthmz@cbslocal.com,63.63.22.183,Real,"Monolithic Power Systems",76.62
829,kregon0@wikipedia.org,175.195.252.9,Lek,Aegon NV,30.20
830,egiblingn1@technorati.com,13.95.26.172,Yuan Renminbi,"Summit Financial Group",77.04
831,adepietrin2@businesswire.com,68.214.166.103,Zloty,First Trust Hong Kong AlphaDEX Fund,99.96
832,ddorrinsn3@dailymotion.com,202.169.129.219,Dollar,Associated Banc-Corp,23.61
833,khessingn4@hugedomains.com,48.238.145.32,Baht,Vulcan Materials Company,75.53
834,mblakesn5@chicagotribune.com,205.107.110.19,Euro,Ares Capital Corporation,36.52
835,rkroinn6@fema.gov,149.174.129.120,Yuan Renminbi,Wipro Limited,66.42
836,bampsn7@facebook.com,88.123.22.213,Euro,"Chipotle Mexican Grill",28.93
837,edeetchn8@boston.com,110.142.78.2,Yuan Renminbi,iShares MSCI Qatar Capped ETF,94.54
838,mgockelenn9@last.fm,103.142.181.117,Franc,Putnam Municipal Opportunities Trust,65.25
839,igowanlockna@nytimes.com,16.133.65.218,Yuan Renminbi,"Spirit Aerosystems Holdings",68.41
840,rjuckesnb@indiatimes.com,116.24.204.233,Yen,National Instruments Corporation,10.97
841,lmackimnc@google.es,5.189.184.88,Zloty,Global X MSCI SuperDividend EAFE ETF,23.02
842,mpeggsnd@ftc.gov,60.90.9.21,Zloty,"Apollo Global Management LLC",68.61
843,gcowserne@photobucket.com,34.16.239.254,Ruble,First BanCorp.,69.32
844,wgalwaynf@de.vu,145.41.206.8,Yuan Renminbi,Legacy Reserves LP,86.25
845,rgullefantng@state.gov,219.57.14.0,Ringgit,Nuveenn Intermediate Duration Quality Municipal Term Fund,34.68
846,rballentimenh@altervista.org,171.33.11.255,Euro,"Boston Properties",25.18
847,jkilminsterni@cnet.com,157.211.30.162,Euro,"Halyard Health",43.13
848,llonghurstnj@tripadvisor.com,187.60.9.248,Boliviano,"Sun Communities",52.43
849,dtullotnk@prweb.com,16.223.3.169,Euro,Burcon NutraScience Corp,97.51
850,mramanl@google.com.hk,205.122.155.89,Krona,ASA Gold and Precious Metals Limited,54.16
851,lverynm@free.fr,105.153.17.89,Rupiah,Lions Gate Entertainment Corporation,52.02
852,gsprostonnn@nyu.edu,80.195.6.143,Euro,Banner Corporation,63.64
853,gcolloffno@g.co,42.230.143.179,Litas,"Haverty Furniture Companies",86.91
854,tglynnenp@networkadvertising.org,29.252.61.251,Hryvnia,"Commercial Vehicle Group",61.42
855,ksheednq@mapquest.com,17.155.164.98,Kuna,Blackrock Municipal 2020 Term Trust,89.56
856,gperseynr@google.cn,25.28.232.222,Yuan Renminbi,LaSalle Hotel Properties,17.64
857,jmacksteadns@cnn.com,196.34.72.183,Euro,Blackrock MuniYield Investment QualityFund,53.02
858,kdegnennt@blogger.com,20.95.90.117,Euro,Neogen Corporation,38.67
859,akempsternu@ed.gov,193.148.250.118,Peso,"Argos Therapeutics",65.80
860,uiliffnv@examiner.com,214.70.240.210,Dollar,Histogenics Corporation,82.64
861,ggutsellnw@tiny.cc,39.202.192.238,Yuan Renminbi,Insulet Corporation,83.92
862,gcrawforthnx@google.com.hk,117.22.91.58,Yuan Renminbi,Seaspan Corporation,0.65
863,mhunnableny@unicef.org,174.107.215.103,Ruble,National Energy Services Reunited Corp.,75.33
864,ayegorevnz@ebay.co.uk,55.163.193.114,Krona,Scorpio Bulkers Inc.,19.40
865,fbingleyo0@boston.com,233.76.63.96,Yuan Renminbi,VictoryShares Emerging Market Volatility Wtd ETF,66.33
866,apagono1@4shared.com,7.19.64.127,Afghani,Amplify Online Retail ETF,41.14
867,tpechano2@hao123.com,228.9.135.74,Yuan Renminbi,"WhiteHorse Finance",36.99
868,kmedhursto3@naver.com,129.188.9.244,Yen,Murphy Oil Corporation,82.21
869,hmclemano4@boston.com,244.29.250.251,Pound,Concurrent Computer Corporation,45.43
870,kkorneevo5@gravatar.com,176.130.38.49,Peso,State Street Corporation,79.35
871,aewingtono6@alibaba.com,112.220.54.251,Euro,Canada Goose Holdings Inc.,80.26
872,cbedenhamo7@joomla.org,52.206.79.174,Peso,"Grupo Aeroportuario Del Pacifico S.A. de C.V.",53.98
873,szelleyo8@feedburner.com,36.136.115.122,Dollar,"Cardinal Health",52.04
874,wmaccraeo9@foxnews.com,85.186.51.161,Sol,PowerShares Global Gold & Precious Metals Portfolio,90.60
875,egrixoa@irs.gov,195.105.112.219,Hryvnia,"Global Brass and Copper Holdings",77.68
876,gheretyob@weebly.com,104.81.140.19,Manat,Stantec Inc,2.03
877,lfolksoc@nih.gov,0.177.38.156,Dinar,"Dillard's",87.47
878,dfairlambod@pcworld.com,192.3.1.70,Euro,Paylocity Holding Corporation,85.64
879,ekaubischoe@phpbb.com,249.119.199.192,Franc,Senior Housing Properties Trust,15.23
880,fhoovartof@elpais.com,204.96.239.120,Dinar,Kate Spade & Company,23.18
881,gqusklayog@vistaprint.com,195.223.125.19,Euro,Embraer-Empresa Brasileira de Aeronautica,17.01
882,cliepinaoh@washingtonpost.com,51.87.174.159,Peso,Horizon Technology Finance Corporation,16.22
883,mbarrusoi@hatena.ne.jp,39.3.254.140,Krona,ABB Ltd,36.39
884,rtringhamoj@macromedia.com,214.151.89.160,Rupee,"Fresh Del Monte Produce",47.62
885,oallstonok@themeforest.net,130.23.112.125,Yuan Renminbi,"TerraVia Holdings",31.80
886,mcamdenol@dion.ne.jp,114.34.40.13,Yuan Renminbi,"Skyworks Solutions",80.89
887,nmacalesterom@amazon.de,23.33.204.74,Lek,"Adverum Biotechnologies",29.65
888,rcawkillon@webs.com,13.144.105.140,Yuan Renminbi,JetPay Corporation,0.33
889,ntwiggoo@msu.edu,77.207.2.181,Dollar,"NextEra Energy",82.02
890,poquinop@ifeng.com,65.181.214.240,Shekel,Lions Gate Entertainment Corporation,85.16
891,kwankeloq@blinklist.com,59.18.216.202,Kyat,"US Ecology",72.62
892,iollerearnshawor@whitehouse.gov,72.79.10.154,Dollar,Tupperware Brands Corporation,92.33
893,fboutellieros@nydailynews.com,8.25.162.189,Rupee,Blackrock Global,7.01
894,ppalombiot@theglobeandmail.com,113.5.69.238,Peso,CF Corporation,64.01
895,sebertsou@prnewswire.com,120.190.101.86,Yuan Renminbi,Cytosorbents Corporation,71.52
896,gmabeeov@nih.gov,21.117.108.25,Euro,"SPX FLOW",79.11
897,mmerrimentow@pcworld.com,76.240.112.31,Euro,NVE Corporation,91.22
898,hranyox@123-reg.co.uk,61.248.91.221,Euro,State Bank Financial Corporation.,39.65
899,dklamptoy@intel.com,71.57.131.198,Cedi,LendingClub Corporation,48.28
900,kmoiseyoz@businessinsider.com,146.59.34.5,Dirham,RMG Networks Holding Corporation,35.11
901,rgariochp0@sogou.com,112.194.169.113,Dollar,"BancorpSouth",27.83
902,cduckhousep1@domainmarket.com,203.229.173.159,Krona,World Acceptance Corporation,17.80
903,lstonehewerp2@shutterfly.com,45.108.61.154,Lari,iShares MSCI Global Impact ETF,16.15
904,kbulfordp3@google.es,15.185.228.136,Colon,TriplePoint Venture Growth BDC Corp.,5.93
905,kfreegardp4@altervista.org,103.29.71.151,Rupiah,"Global Ship Lease",11.48
906,aebbenp5@msn.com,29.3.60.141,Peso,"Ruth's Hospitality Group",11.47
907,gvlasovp6@printfriendly.com,131.217.46.252,Krona,Equity Commonwealth,70.06
908,prubinlichtp7@oaic.gov.au,9.74.178.251,Yuan Renminbi,FirstEnergy Corporation,96.07
909,hjohnysp8@apache.org,32.194.44.99,Ruble,Pebblebrook Hotel Trust,44.62
910,fdrohunp9@privacy.gov.au,120.33.233.110,Zloty,"Stage Stores",10.52
911,criggepa@thetimes.co.uk,222.90.56.138,Quetzal,LaSalle Hotel Properties,2.31
912,wnaglepb@usda.gov,124.66.233.152,Yuan Renminbi,Markel Corporation,13.90
913,cconaghanpc@sourceforge.net,177.100.100.137,Sol,"Mellanox Technologies",37.76
914,ccloakepd@list-manage.com,199.249.229.246,Dinar,Nuven Mortgage Opportunity Term Fund 2,11.71
915,iknowlsonpe@bing.com,60.14.62.64,Rupiah,Mesa Royalty Trust,74.68
916,rfrapwellpf@delicious.com,81.149.84.247,Zloty,"SCYNEXIS",81.81
917,mprinpg@studiopress.com,67.64.166.241,Ruble,"Penns Woods Bancorp",88.12
918,ksemradph@prnewswire.com,6.247.0.21,Ruble,First Bancorp,41.71
919,eeymerpi@prnewswire.com,165.75.246.144,Euro,Atlantic American Corporation,4.44
920,dpitkinpj@nih.gov,229.32.37.196,Dinar,"Consolidated Communications Holdings",98.47
921,vbasirepk@instagram.com,79.84.6.191,Euro,"Preferred Apartment Communities",65.01
922,abamboroughpl@paypal.com,137.22.72.170,Euro,Pennsylvania Real Estate Investment Trust,83.73
923,mfrancellopm@geocities.com,3.33.23.184,Zloty,Celsion Corporation,59.93
924,ebrissendenpn@gnu.org,13.240.158.30,Hryvnia,Concurrent Computer Corporation,12.56
925,mmaydwellpo@digg.com,34.74.255.159,Rupiah,Global X NASDAQ China Technology ETF,19.37
926,mwhitfordpp@upenn.edu,54.126.145.230,Shilling,"FTI Consulting",62.71
927,wpepperrallpq@nydailynews.com,40.215.233.108,Peso,"ARC Group Worldwide",92.44
928,evardenpr@tumblr.com,187.34.246.148,Yuan Renminbi,"AmTrust Financial Services",59.14
929,ayewdallps@uol.com.br,54.242.150.220,Rupiah,Bank of America Corporation,53.06
930,cscrivinpt@typepad.com,10.205.94.112,Shilling,Ocwen Financial Corporation,95.89
931,oshirlawpu@virginia.edu,181.179.93.185,Yuan Renminbi,"Sierra Wireless",36.76
932,wcastellettopv@miitbeian.gov.cn,15.204.37.57,Vatu,"Marsh & McLennan Companies",49.53
933,dohalleghanepw@home.pl,0.50.40.232,Rupiah,Bryn Mawr Bank Corporation,16.99
934,pfranssenpx@cam.ac.uk,10.18.161.223,Yuan Renminbi,Western Asset High Income Fund II Inc.,20.76
935,twalderpy@jimdo.com,30.138.3.155,Rupiah,"First Mid-Illinois Bancshares",76.39
936,fbarczynskipz@ezinearticles.com,130.233.240.218,Rupiah,GlaxoSmithKline PLC,72.46
937,atotenq0@so-net.ne.jp,252.206.143.209,Dong,"United Community Banks",93.79
938,lberdaleq1@prnewswire.com,79.202.231.232,Pound,Deutsche Bank AG,99.20
939,lbrunningq2@ycombinator.com,77.175.198.61,Peso,"Maui Land & Pineapple Company",40.24
940,dsageq3@biblegateway.com,67.74.97.136,Yen,"KVH Industries",69.81
941,mgreepq4@1und1.de,128.236.180.178,Yuan Renminbi,Bank of America Corporation,28.76
942,jdacreq5@pbs.org,237.71.7.76,Baht,"Goldman Sachs Group (The)",0.64
943,bfeldmannq6@go.com,144.18.182.46,Peso,"Inter Parfums",16.40
944,rgommesq7@harvard.edu,27.119.88.160,Dollar,"Juniper Pharmaceuticals",23.12
945,wzamboniariq8@php.net,193.176.169.13,Yuan Renminbi,Merus N.V.,15.93
946,rbolinoq9@ftc.gov,25.92.74.193,Sol,"Hostess Brands",39.72
947,cbuggsqa@tripadvisor.com,138.3.97.123,Peso,"Morgan Stanley Asia-Pacific Fund",2.23
948,gdunstallqb@squarespace.com,65.81.157.247,Ruble,"Level 3 Communications",95.40
949,bbillingtonqc@washingtonpost.com,7.13.215.153,Euro,"AVEO Pharmaceuticals",49.86
950,mmalenoirqd@scientificamerican.com,235.92.15.163,Naira,"F5 Networks",82.49
951,cdrinkhillqe@over-blog.com,150.19.148.105,Rupiah,The Obesity ETF,67.91
952,gbachqf@spotify.com,206.14.90.193,Euro,Avadel Pharmaceuticals plc,14.33
953,hspatarulqg@cpanel.net,81.4.251.79,Won,Modern Media Acquisition Corp.,90.56
954,dstockdaleqh@sciencedaily.com,199.236.119.135,Rial,"ConnectOne Bancorp",15.13
955,hsmellieqi@privacy.gov.au,76.151.142.68,Rial,Mercantile Bank Corporation,49.03
956,slindenbaumqj@ucoz.ru,83.163.213.33,Yuan Renminbi,Liberty Media Corporation,88.47
957,cautyqk@pinterest.com,60.37.35.103,Yuan Renminbi,"Blackrock Enhanced Government Fund Inc",8.57
958,dnoakesql@soundcloud.com,188.252.112.155,Yuan Renminbi,"Sequential Brands Group",83.98
959,iattwoulqm@princeton.edu,232.92.160.225,Yuan Renminbi,Snap-On Incorporated,67.43
960,ograbbanqn@last.fm,88.141.93.55,Sol,Darling Ingredients Inc.,5.53
961,tbacksalqo@taobao.com,97.73.100.147,Rupiah,Tiptree Inc.,25.69
962,tsimminsqp@rakuten.co.jp,224.51.254.112,Yuan Renminbi,"Athenex",36.34
963,pskillandersqq@hostgator.com,234.125.2.33,Euro,First Trust Mid Cap Core AlphaDEX Fund,75.38
964,alackeyqr@tinyurl.com,118.53.3.239,Rupiah,Brady Corporation,65.35
965,ssaywardqs@walmart.com,5.157.196.95,Ruble,Fifth Street Asset Management Inc.,36.92
966,mboggesqt@cbslocal.com,85.67.241.34,Peso,Fluor Corporation,34.70
967,rmacgillreichqu@amazon.de,195.160.234.1,Euro,PowerShares DWA Consumer Staples Momentum Portfolio,0.73
968,gdeetchqv@pinterest.com,236.172.59.249,Boliviano,Bank of South Carolina Corp.,64.71
969,dlinacreqw@a8.net,252.193.50.130,Ruble,Atlantic Coast Financial Corporation,34.87
970,cmoubrayqx@t.co,174.241.205.25,Real,Veeco Instruments Inc.,66.83
971,jclampettqy@yahoo.com,6.45.244.244,Dollar,"Build-A-Bear Workshop",65.02
972,elambertiqz@sourceforge.net,131.236.180.183,Yuan Renminbi,"Urban One ",48.91
973,jmacsweenr0@vk.com,246.126.70.202,Bolivar,Pebblebrook Hotel Trust,62.12
974,gflahyr1@sun.com,249.205.171.142,Franc,"Apricus Biosciences",42.64
975,whawfordr2@fotki.com,89.1.200.110,Kip,First Commonwealth Financial Corporation,50.59
976,bnellesr3@toplist.cz,107.18.252.139,Rupiah,MIND C.T.I. Ltd.,71.40
977,rzupar4@tamu.edu,83.175.131.125,Rupiah,Evogene Ltd.,3.39
978,llepperr5@com.com,99.117.90.242,Sol,UTStarcom Holdings Corp,97.42
979,mwincomr6@histats.com,141.28.32.33,Euro,Lsb Industries Inc.,47.06
980,dmartensenr7@hp.com,209.150.155.80,Yuan Renminbi,"Citizens Financial Group",39.37
981,ckaubler8@desdev.cn,173.253.132.25,Rupiah,Bright Horizons Family Solutions Inc.,12.82
982,rbouldenr9@indiatimes.com,225.130.36.171,Euro,First Trust Mid Cap Core AlphaDEX Fund,93.60
983,klanmeidra@facebook.com,105.87.203.93,Peso,Foresight Energy LP,51.75
984,lcromptonrb@theglobeandmail.com,56.214.216.35,Ruble,Steel Partners Holdings LP,35.63
985,lzaniolorc@dot.gov,243.159.70.153,Yuan Renminbi,"Ambac Financial Group",52.84
986,mtibbettsrd@simplemachines.org,95.203.113.249,Real,iShares Asia 50 ETF,39.54
987,dkeachre@mail.ru,138.20.175.94,Peso,Enel Americas S.A.,10.28
988,kbasekerf@hubpages.com,12.172.119.6,Peso,"Adamas Pharmaceuticals",12.93
989,mfilisovrg@hugedomains.com,106.17.121.44,Ruble,Colgate-Palmolive Company,37.39
990,wplanksrh@mozilla.org,165.249.119.55,Euro,"Sun Communities",23.35
991,eshuttlewoodri@angelfire.com,71.235.10.170,Peso,"McDermott International",83.70
992,jkeysonrj@chronoengine.com,230.80.165.194,Rupiah,The GDL Fund,16.43
993,nschmidtrk@skype.com,72.140.44.187,Shekel,FlexShares STOXX Global ESG Impact Index Fund,62.41
994,jstacyrl@ucsd.edu,181.20.230.149,Yuan Renminbi,The Priceline Group Inc. ,45.10
995,smcettrickrm@paginegialle.it,81.26.225.59,Yuan Renminbi,Apollo Investment Corporation,56.19
996,ccastellsrn@desdev.cn,142.103.152.43,Euro,JMP Group LLC,5.66
997,wkeymerro@cbslocal.com,90.136.111.5,Zloty,"Manitowoc Company (The)",95.38
998,slawleerp@cafepress.com,147.210.13.118,Yuan Renminbi,ITT Inc.,44.53
999,rdysterrq@usatoday.com,169.110.163.152,Yuan Renminbi,"Isramco",30.55
1000,dszymanskirr@sbwire.com,107.153.92.154,Rupiah,Mobile TeleSystems OJSC,41.52
